Headword,DEFINITION,Part of Speech,SEMANTIC GROUP,FREQUENCY RANK,Transliterated,Latinized
ὁ ἡ τό,the,definite article,Pronouns/Interrogatives,1,ho he to,ho he to
αὐτός αὐτή αὐτό,"him- her- itself etc. (for emphasis); the same (with article); (pron.) him, her, it etc. (in oblique cases)",adjective: 1st and 2nd declension,Pronouns/Interrogatives,2,autos aute auto,autus aute auto
καί,"and, also, even; καί...καί both...and",conjunction: coordinating,Conjunctions/Adverbs,3,cae,cae
δέ,and; but,conjunction: coordinating,Particles,4,de,de
τίς τί,who? what? which? (interrog. pron./adj.),pronoun,Pronouns/Interrogatives,5,tis ti,tis ti
"εἰμί, ἔσομαι, impf. ἦν, infin. εἶναι","be, exist",verb: irregular,Humanity and Being,6,"imi, esomae, impf. en, infin. inae","imi, esomae, impf. en, infin. inae"
οὗτος αὕτη τοῦτο,"this, these; μετὰ ταῦτα after this",pronoun,Pronouns/Interrogatives,7,hutos haute tuto,hutus haute tuto
ἤ,or; than (after a comparative); ἤ...ἤ either...or,conjunction: coordinating,Conjunctions/Adverbs,8,e,e
ἐν,"in, among (+dat.)",preposition,Direction,9,en,en
μέν...δέ,on the one hand...on the other hand (often untranslated); μέν (by itself) indeed,conjunction: coordinating,Particles,10,men...de,men...de
τις τι,"someone, something, anyone, anything, some, any (enclitic indef. pron./adj.)",pronoun,Pronouns/Interrogatives,11,tis ti,tis ti
ὅς ἥ ὅ,"who, which, that",pronoun,Pronouns/Interrogatives,12,hos he ho,hus he ho
γάρ,"for (explanatory), indeed, in fact (confirming)",conjunction: coordinating,Conjunctions/Adverbs,13,gar,gar
"οὐ, οὐκ, οὐχ",not (with indicative verbs),adverb,Conjunctions/Adverbs,14,"u, uc, uch","u, uc, uch"
"λέγω, ἐρῶ, εἶπον, εἴρηκα, λέλεγμαι, ἐλέχθην and ἐρρήθην","say, speak (of), recount; pick up, collect, count",verb: irregular,Writing and Talking,15,"lego, ero, ipon, ireca, lelegmae, elechthen and errhethen","lego, ero, ipon, ireca, lelegmae, elechthen and errhethen"
ὡς,"as, since; (introducing purpose clause) so that (+subj./opt.); (introducing indir. statement) that",conjunction: subordinating,Conjunctions/Adverbs,16,hos,hus
τε,and; τε…τε both…and,conjunction: coordinating,Conjunctions/Adverbs,17,te,te
εἰς,"into, to, towards (+acc.)",preposition,Direction,18,is,is
ἐπί,"at (+gen.); on (+dat.); on to, against (+acc.)",preposition,Direction,19,epi,epi
κατά,"down, down (from or along), throughout, according to; κατὰ γῆν by land; κατὰ φύσιν in accordance with nature; κατ’ ἔθνη by nations; καθ᾿ἕνα one by one.",preposition,Direction,20,cata,cata
"ἐγώ ἐμοῦ, (pl.) ἡμεῖς, ἡμῶν","I, we",pronoun,Pronouns/Interrogatives,21,"ego emu, (pl.) hemis, hemon","ego emu, (pl.) hemis, hemum"
πρός,"from the side of, in the presence of (+gen.); near, at, in addition to (+dat.); to, towards, in relation to (+acc.)",preposition,Direction,22,pros,prus
"γίγνομαι, γενήσομαι, 2 aor. ἐγενόμην, γέγονα, γεγένημαι, ἐγενήθην","become; be born; happen, be",verb: deponent,Humanity and Being,23,"gignomae, genesomae, 2 aor. egenomen, gegona, gegenemae, egenethen","gignomae, genesomae, 2 aor. egenomen, gegona, gegenemae, egenethen"
ἐάν (εἰ-ἄν),if (+subj.),conjunction: subordinating,Conjunctions/Adverbs,24,ean (i-an),ean (i-an)
διά,"through, during, because of (+gen., acc.)",preposition,Prepositions without Direction,25,dia,dia
ἀλλά,but,conjunction: coordinating,Conjunctions/Adverbs,26,alla,alla
πᾶς πᾶσα πᾶν,"every, all; whole (with article)",noun: 3rd declension irregular,Measurements and Numerals,27,pas pasa pan,pas pasa pan
"ἔχω, ἕξω or σχήσω, 2 aor. ἔσχον, ἔσχηκα, impf. εἶχον","have, hold, keep",verb: irregular,Taking and Giving,28,"echo, hexo or scheso, 2 aor. eschon, escheca, impf. ichon","echo, hexo or scheso, 2 aor. eschon, escheca, impf. ichum"
"ἐκ, ἐξ","from, out of (+gen.)",preposition,Direction,29,"ec, ex","ec, ex"
πολύς πολλή πολύ,"much, many; ὡς ἐπὶ τὸ πολύ for the most part",noun: 3rd declension irregular,Measurements and Numerals,30,polys polle poly,polys polle poly
περί,"around, about; concerning (+gen.)",preposition,Direction,31,peri,peri
μή,"not (marks the negative as subjective or conditional); εἰ μή if not, except",conjunction: subordinating,Conjunctions/Adverbs,32,me,me
ὅστις ἥτις ὅ τι,"anyone who, anything which; (in indir. quest.) who, which, what",pronoun,Pronouns/Interrogatives,33,hostis hetis ho ti,hostis hetis ho ti
ἄν,"[marks verbs as potential (with optative), or generalizing (with subjunctive)]",adverb,Particles,34,an,an
"σύ, σοῦ, (pl.) ὑμεῖς, ὑμῶν",you,pronoun,Pronouns/Interrogatives,35,"sy, su, (pl.) hymis, hymon","sy, su, (pl.) hymis, hymum"
ἀνά,"up, on; throughout",preposition,Direction,36,ana,ana
ὅτι,"because, that; (with superl.) as...as possible",conjunction: subordinating,Conjunctions/Adverbs,37,hoti,hoti
εἰ,if (+indic. or opt.); εἴπερ if indeed,conjunction: subordinating,Conjunctions/Adverbs,38,i,i
ἄλλος ἄλλη ἄλλο,"other, another",adjective: 1st and 2nd declension,Pronouns/Interrogatives,39,allos alle allo,allus alle allo
ἀπό,from (+gen.),preposition,Direction,40,apo,apo
"φημί, φήσω, impf. ἔφην","say, assert, declare; οὐ φημί deny, refuse, say that...not",verb: -μι,Writing and Talking,41,"phemi, pheso, impf. ephen","phemi, pheso, impf. ephen"
ὑπό,"under (+gen., dat.); by (+gen. of personal agent); down under (+acc.)",preposition,Direction,42,hypo,hypo
"ποιέω, ποιήσω, ἐποίησα, πεποίηκα, πεποίημαι, ἐποιήθην","make, produce, cause, do; (mid.) consider, reckon",verb: contracted,Work and Leisure,43,"poeeo, poeeso, epoeesa, pepoeeca, pepoeemae, epoeethen","poeeo, poeeso, epoeesa, pepoeeca, pepoeemae, epoeethen"
οὖν,"therefore, accordingly; at any rate",adverb,Particles,44,un,un
"λόγος λόγου, ὁ","word, speech, discourse; thought, reason, account",noun: 2nd declension,Writing and Talking,45,"logos logu, ho","logus logu, ho"
παρά,"from (+gen.); beside (+dat.); to, to the side of, contrary to (+acc.)",preposition,Direction,46,para,para
οὕτως,in this way,adverb,Conjunctions/Adverbs,47,hutos,hutus
πρότερος προτέρα πρότερον,"before, earlier; τὸ πρότερον previously, before",adjective: 1st and 2nd declension,Time,48,proteros protera proteron,proterus protera proterum
"θεός θεοῦ, ὁ/ἡ","god, goddess",noun: 2nd declension,Religion,49,"theos theu, ho/e","theus theu, ho/e"
μετά,with (+gen.); after (+acc.),preposition,Prepositions without Direction,50,meta,meta
ἑαυτοῦ ἑαυτῆς ἑαυτοῦ,him- her- itself (reflexive pron.),pronoun,Pronouns/Interrogatives,51,heautu heautes heautu,heautu heautes heautu
μέγας μεγάλη μέγα,"big, great, powerful",adjective: 1st and 2nd declension,Measurements and Numerals,52,megas megale mega,megas megale mega
οὐδέ,"and not, but not, nor; οὐδέ...οὐδέ not even...nor yet",conjunction: coordinating,Conjunctions/Adverbs,53,ude,ude
ἐκεῖνος ἐκείνη ἐκεῖνο,that person or thing; ἐκεῖνος…οὗτος the former…the latter,pronoun,Pronouns/Interrogatives,54,ecinos ecine ecino,ecinus ecine ecino
τοιοῦτος τοιαύτη τοιοῦτο,"such, of such a sort",adjective: 1st and 2nd declension,Pronouns/Interrogatives,55,toeutos toeaute toeuto,toeutus toeaute toeuto
οὐδείς οὐδεμία οὐδέν,"no one, nothing",pronoun,Pronouns/Interrogatives,56,udis udemia uden,udis udemia uden
εἶπον,"I said, I spoke, 2 aor. → λέγω, φημί",verb: irregular,Writing and Talking,57,ipon,ipum
ἀγαθός ἀγαθή ἀγαθόν,"good, virtuous, brave, noble",adjective: 1st and 2nd declension,Ethics and Morals,58,agathos agathe agathon,agathus agathe agathum
γε,"(enclitic) indeed; at least, at any rate",adverb,Particles,59,ge,ge
δή,"surely, really, now, in fact, indeed (gives greater exactness)",adverb,Particles,60,de,de
"πόλις πόλεως, ἡ","city, city-state",noun: 3rd declension ι-stem,Government and Society,61,"polis poleos, he","polis poleos, he"
εἷς μία ἕν,one,adjective: numeral,Measurements and Numerals,62,his mia hen,his mia hen
"ἵημι, ἥσω, ἧκα, -εἷκα, εἷμαι, -εἵθην","put in motion, let go, shoot; (mid.) hasten, rush",verb: -μι,Work and Leisure,63,"hiemi, heso, heca, h-ica, himae, h-ithen","hiemi, heso, heca, h-ica, himae, h-ithen"
"δέω, δεήσω, ἐδέησα, δεδέηκα, δεδέημαι, ἐδεήθην","lack, miss, stand in need of (+gen.)",verb: contracted,Taking and Giving,64,"deo, deeso, edeesa, dedeeca, dedeemae, edeethen","deo, deeso, edeesa, dedeeca, dedeemae, edeethen"
"ἄνθρωπος –ου, ὁ/ἡ",human being,noun: 2nd declension,Humanity and Being,65,"anthropos u, ho/e","anthropus u, ho/e"
"ὁράω, ὄψομαι, 2 aor. εἶδον, ἑόρακα and ἑώρακα, ὤφθην, impf. ἑώρων","see, look (to)",verb: irregular,The Senses and Feelings,66,"horao, opsomae, 2 aor. idon, heoraca and heoraca, ophthen, impf. heoron","horao, opsomae, 2 aor. idon, heoraca and heoraca, ophthen, impf. heorum"
μόνος μόνη μόνον,"alone, single",adjective: 1st and 2nd declension,Measurements and Numerals,67,monos mone monon,monus mone monum
οὔτε...οὔτε,neither...nor,conjunction: coordinating,Conjunctions/Adverbs,68,ute...ute,ute...ute
οἷος οἵα οἷον,"such as, of what sort, like, (exclam.) what a!, how! ; οἷός τε (+infin.) fit or able to; οἷόν τε (+infin.) it is possible to",adjective: 1st and 2nd declension,Pronouns/Interrogatives,69,hoeos hoea hoeon,hoeus hoea hoeum
"λαμβάνω, λήψομαι, ἔλαβον, εἴληφα, εἴλημμαι, ἐλήφθην","take, grasp, seize; receive, get",verb: -ω labial stem,Taking and Giving,70,"lambano, lepsomae, elabon, ilepha, ilemmae, elephthen","lambano, lepsomae, elabon, ilepha, ilemmae, elephthen"
"δοκέω, δόξω, ἔδοξα","think, suppose, imagine (+acc. and infin.); seem, seem good; (impers.) δοκεῖ μοι it seems to me",verb: contracted,"The Mind, Perceiving and Learning",71,"doceo, doxo, edoxa","doceo, doxo, edoxa"
ἕτερος ἑτέρα ἕτερον,"the other (of two); other, another",adjective: 1st and 2nd declension,Pronouns/Interrogatives,72,heteros hetera heteron,heterus hetera heterum
κακός –ή –όν,"bad, wicked, cowardly",adjective: 1st and 2nd declension,Characteristics,73,cacos e on,cacus e on
"ἀνήρ ἀνδρός, ὁ","man, husband",noun: 3rd declension irregular,Humanity and Being,74,"aner andros, ho","aner andros, ho"
ἐπεί,"after, since, when",conjunction: subordinating,Time,75,epi,epi
ὅσος ὅση ὅσον,however much; as great as; (in pl.) as many as; ὅσον (adv.) as much as,adjective: 1st and 2nd declension,Pronouns/Interrogatives,76,hosos hose hoson,hosus hose hosum
"καλέω, καλῶ, ἐκάλεσα, κέκληκα, κέκλημαι, ἐκλήθην","call, summon",verb: contracted,Writing and Talking,77,"caleo, calo, ecalesa, cecleca, ceclemae, eclethen","caleo, calo, ecalesa, cecleca, ceclemae, eclethen"
"σῶμα σώματος, τό",body,noun: 3rd declension consonant stem,Body Parts,78,"soma somatos, to","soma somatos, to"
"δεῖ, δεήσει, impf. ἔδει","it is necessary, one must, one ought (+acc. and infin.)",verb: impersonal,Ethics and Morals,79,"di, deesi, impf. edi","di, deesi, impf. edi"
ὥσπερ,"just as, as if",conjunction: subordinating,Conjunctions/Adverbs,80,hosper,hosper
"δίδωμι, δώσω, ἔδωκα, δέδωκα, δέδομαι, ἐδόθην","give, grant, offer",verb: -μι,Taking and Giving,81,"didomi, doso, edoca, dedoca, dedomae, edothen","didomi, doso, edoca, dedoca, dedomae, edothen"
ἔτι,"still, yet",adverb,Time,82,eti,eti
"φύσις φύσεως, ἡ",nature; (of the mind) one’s nature or disposition; regular order of nature,noun: 3rd declension ι-stem,World Order,83,"physis physeos, he","physis physeos, he"
μικρός –ά –όν,"small, little, short",adjective: 1st and 2nd declension,Measurements and Numerals,84,micros a on,micrus a on
"δύναμαι, δυνήσομαι, ἐδυνήθην, δεδύνημαι","(+infin.) to be able (to), be strong enough (to)",verb: deponent,Work and Leisure,85,"dynamae, dynesomae, edynethen, dedynemae","dynamae, dynesomae, edynethen, dedynemae"
ὥστε,"(introducing natural or actual result clause) so as, so that, (with the result) that",conjunction: subordinating,Conjunctions/Adverbs,86,hoste,hoste
"ἀρχή ἀρχῆς, ἡ","beginning, origin; rule, empire, realm; magistracy",noun: 1st declension,Time,87,"arche arches, he","arche arches, he"
ἕκαστος ἑκάστη ἕκαστον,each (of several),pronoun,Pronouns/Interrogatives,88,hecastos hecaste hecaston,hecastus hecaste hecastum
"ἡμέρα ἡμέρας, ἡ",day,noun: 1st declension,World Order,89,"hemera hemeras, he","hemera hemeras, he"
"φύω, φύσω, ἔφυσα","bring forth, produce, beget; 2 aor. ἔφυν grew, pf. πέφυκα be by nature",verb: -ω vowel stem,World Order,90,"phyo, physo, ephysa","phyo, physo, ephysa"
ἅπας ἅπασα ἅπαν,all together,noun: 3rd declension irregular,Measurements and Numerals,91,hapas hapasa hapan,hapas hapasa hapan
ὅμοιος ὁμοία ὅμοιον,"like, resembling (+dat.)",adjective: 1st and 2nd declension,Characteristics,92,homoeos homoea homoeon,homoeus homoea homoeum
"νῦν, νυνί",now,adverb,Time,93,"nyn, nyni","nyn, nyni"
"γῆ γῆς, ἡ",earth,noun: 1st declension,Earth,94,"ge ges, he","ge ges, he"
"δύναμις δυνάμεως, ἡ","power, strength, ability",noun: 3rd declension ι-stem,War and Peace,95,"dynamis dynameos, he","dynamis dynameos, he"
καλός –ή –όν,"beautiful, noble, honorable",adjective: 1st and 2nd declension,Characteristics,96,calos e on,calus e on
"κύριος κυρίου, ὁ","lord, master",noun: 2nd declension,Government and Society,97,"cyrios cyriu, ho","cyrius cyriu, ho"
μᾶλλον,"more, rather; μᾶλλον...ἤ rather than",adverb,Conjunctions/Adverbs,98,mallon,mallum
ὅδε ἥδε τόδε,this,pronoun,Pronouns/Interrogatives,99,hode hede tode,hode hede tode
ὅλος ὅλη ὅλον,"whole, entire, complete",adjective: 1st and 2nd declension,Measurements and Numerals,100,holos hole holon,holus hole holum
"μέρος μέρους, τό","part, share",noun: 3rd declension σ-stem,Measurements and Numerals,101,"meros merus, to","merus merus, to"
ἄρα,"therefore, then (drawing an inference)",adverb,Particles,102,ara,ara
ἐμός ἐμή ἐμόν,"my, mine",adjective: 1st and 2nd declension,Pronouns/Interrogatives,103,emos eme emon,emus eme emum
"χράομαι, χρήσομαι, ἐχρησάμην, κέχρημαι, ἐχρήσθην","use, experience, suffer (+dat.); treat someone in a certain way (+dat. and adv.)",verb: deponent,Government and Society,104,"chraomae, chresomae, echresamen, cechremae, echresthen","chraomae, chresomae, echresamen, cechremae, echresthen"
δύο,two,adjective: numeral,Measurements and Numerals,105,dyo,dyo
"χρόνος χρόνου, ὁ",time,noun: 2nd declension,Time,106,"chronos chronu, ho","chronus chronu, ho"
ἴσος ἴση ἴσον,"equal, the same as (+dat.)",adjective: 1st and 2nd declension,Measurements and Numerals,107,isos ise ison,isus ise isum
ὅταν (ὅτε-ἄν),whenever (+subj.),conjunction: subordinating,Conjunctions/Adverbs,108,hotan h(ote-an),hotan h(ote-an)
μόνον,only,adverb,Conjunctions/Adverbs,109,monon,monum
"οἶδα, infin. εἰδέναι, imper. ἴσθι, plupf. used as impf. ᾔδειν",to know (pf. in pres. sense); to know how to (+infin.),verb: irregular,"The Mind, Perceiving and Learning",110,"oeda, infin. idenae, imper. isthi, plupf. used as impf. edin","oeda, infin. idenae, imper. isthi, plupf. used as impf. edin"
"βασιλεύς βασιλέως, ὁ",king,"noun: 3rd declension -εύς, -έως",Government and Society,111,"basileus basileos, ho","basileus basileos, ho"
ὦ,oh! (unemphatic when with the vocative),interjection,Particles,112,o,o
"βούλομαι, βουλήσομαι, βεβούλημαι, ἐβουλήθην","(+infin.) will, wish (to); be willing (to); ὁ βουλόμενος anyone who likes",verb: deponent,The Senses and Feelings,113,"bulomae, bulesomae, bebulemae, ebulethen","bulomae, bulesomae, bebulemae, ebulethen"
"φαίνω, φανῶ, ἔφηνα, πέφηνα, πέφασμαι, ἐφάνην","bring to light, make appear, make clear; (pass.) come to light, be seen, appear, appear to be (+ptc. or infin.)",verb: -ω liquid stem,Showing and Finding,114,"phaeno, phano, ephena, pephena, pephasmae, ephanen","phaeno, phano, ephena, pephena, pephasmae, ephanen"
"γράφω, γράψω, ἔγραψα, γέγραφα, γέγραμμαι, ἐγράφην",write,verb: -ω labial stem,Writing and Talking,115,"grapho, grapso, egrapsa, gegrapha, gegrammae, egraphen","grapho, grapso, egrapsa, gegrapha, gegrammae, egraphen"
"φέρω, οἴσω, 1 aor. ἤνεγκα, 2 aor. ἤνεγκον, ἐνήνοχα, ἐνήνεγμαι, ἠνέχθην","carry, bring, fetch; carry off or away; φέρε come now, well",verb: irregular,Work and Leisure,116,"phero, oeso, 1 aor. enenca, 2 aor. enencon, enenocha, enenegmae, enechthen","phero, oeso, 1 aor. enenca, 2 aor. enencon, enenocha, enenegmae, enechthen"
"ψυχή ψυχῆς, ἡ","breath, life, soul",noun: 1st declension,Humanity and Being,117,"psyche psyches, he","psyche psyches, he"
μηδείς μηδεμία μηδέν,"no one, nothing",pronoun,Pronouns/Interrogatives,118,medis medemia meden,medis medemia meden
αἴτιος αἰτία αἴτιον,"responsible, guilty",adjective: 1st and 2nd declension,Law and Judgment,119,aetios aetia aetion,aetius aetia aetium
πάλιν,"back, backwards; again",adverb,Direction,120,palin,palin
μάλιστα,"most, most of all; (in replies) certainly",adverb,Conjunctions/Adverbs,121,malista,malista
"ὑπάρχω, ὑπάρξω, ὑπῆρξα, ὑπῆργμαι, ὑπήρχθην","exist, be, belong to; τὰ ὑπάρχοντα existing circumstances",verb: -ω palatal stem,Humanity and Being,122,"hyparcho, hyparxo, hyperxa, hypergmae, hyperchthen","hyparcho, hyparxo, hyperxa, hypergmae, hyperchthen"
"ἄρχω, ἄρξω, ἦρξα, ἦργμαι, ἤρχθην","begin (+gen.); lead, rule, govern (+gen.)",verb: -ω palatal stem,Time,123,"archo, arxo, erxa, ergmae, erchthen","archo, arxo, erxa, ergmae, erchthen"
"γυνή γυναικός, ἡ","woman, wife",noun: 3rd declension irregular,Humanity and Being,124,"gyne gynaecos, he","gyne gynaecos, he"
ποτε (enclitic),"at some time, ever, in the world",adverb,Time,125,pote (enclitic),pote (enclitic)
ἵνα,in order that (conj. +subj. or opt.); where (rel. adv. +indic.),conjunction: subordinating,Conjunctions/Adverbs,126,hina,hina
"ὄνομα ὀνόματος, τό",name; fame,noun: 3rd declension consonant stem,Writing and Talking,127,"onoma onomatos, to","onoma onomatos, to"
ὑπέρ,"for (+gen), beyond (+acc.)",preposition,Prepositions without Direction,128,hyper,hyper
ἤδη,"already, now (of the immediate past); presently (of the immediate future)",adverb,Time,129,ede,ede
"πατήρ πατρός, ὁ",father,noun: 3rd declension irregular,Family and Friendship and the Home,130,"pater patros, ho","pater patros, ho"
"ἀκούω, ἀκούσομαι, ἤκουσα, ἀκήκοα, plup. ἠκηκόη or ἀκηκόη, ἠκούσθην","listen (to), hear (of)",verb: -ω vowel stem,The Senses and Feelings,131,"acuo, acusomae, ecusa, acecoa, plup. ececoe or acecoe, ecusthen","acuo, acusomae, ecusa, acecoa, plup. ececoe or acecoe, ecusthen"
"γένος γένους, τό","race, family; kind, class",noun: 3rd declension σ-stem,Family and Friendship and the Home,132,"genos genus, to","genus genus, to"
"τόπος τόπου, ὁ",place; topic,noun: 2nd declension,Earth,133,"topos topu, ho","topus topu, ho"
"πράσσω, πράξω, ἔπραξα, πέπραχα, πέπραγμαι, ἐπράχθην","do, achieve, accomplish; do or fare in a certain way (+adv.)",verb: -ω dental stem,Work and Leisure,134,"prasso, praxo, epraxa, pepracha, pepragmae, eprachthen","prasso, praxo, epraxa, pepracha, pepragmae, eprachthen"
πρῶτος πρώτη πρῶτον,"first, foremost, earliest; (adv.) τὸ πρῶτον in the first place",adjective: 1st and 2nd declension,Measurements and Numerals,135,protos prote proton,protus prote protum
"εὑρίσκω, εὑρήσω, 2 aor. ηὗρον or εὗρον, ηὕρηκα or εὕρηκα, εὕρημαι, εὑρέθην","find (out), discover, devise",verb: -ω palatal stem,Showing and Finding,136,"heurisco, heureso, 2 aor. heuron or heuron, heureca or heureca, heuremae, heurethen","heurisco, heureso, 2 aor. heurum or heuron, heureca or heureca, heuremae, heurethen"
"παῖς παιδός, ὁ/ἡ","son, daughter, child; slave",noun: 3rd declension consonant stem,Family and Friendship and the Home,137,"paes paedos, ho/e","paes paedos, ho/e"
"ἔρχομαι, fut. εἶμι or ἐλεύσομαι, 2 aor. ἦλθον, ἐλήλυθα","come, go",verb: deponent,Movement,138,"erchomae, fut. imi or eleusomae, 2 aor. elthon, elelytha","erchomae, fut. imi or eleusomae, 2 aor. elthon, elelytha"
"υἱός υἱοῦ, ὁ",son,noun: 2nd declension,Family and Friendship and the Home,139,"hyios hyiu, ho","hyius hyiu, ho"
"ὕδωρ ὕδατος, τό",water,noun: 3rd declension consonant stem,World Order,140,"hydor hydatos, to","hydor hydatos, to"
ἴδιος ἰδία ἴδιον,"one’s own; peculiar, separate, distinct",adjective: 1st and 2nd declension,Pronouns/Interrogatives,141,idios idia idion,idius idia idium
σός σή σόν,"your, yours (sg.; ὑμέτερος = pl.)",adjective: 1st and 2nd declension,Pronouns/Interrogatives,142,sos se son,sus se sum
"γιγνώσκω, γνώσομαι, ἔγνων, ἔγνωκα, ἔγνωσμαι, ἐγνώσθην","come to know, learn; judge, think, or determine that (+acc. and infin.)",verb: irregular,"The Mind, Perceiving and Learning",143,"gignosco, gnosomae, egnon, egnoca, egnosmae, egnosthen","gignosco, gnosomae, egnon, egnoca, egnosmae, egnosthen"
"τυγχάνω, τεύξομαι, ἔτυχον, τετύχηκα, τέτυγμαι, ἐτύχθην","hit, light upon, meet by chance (+gen.); reach, gain, obtain; happen to be (+ptc.)",verb: -ω palatal stem,Humanity and Being,144,"tynchano, teuxomae, etychon, tetycheca, tetygmae, etychthen","tynchano, teuxomae, etychon, tetycheca, tetygmae, etychthen"
"ἵστημι στήσω will set, ἔστησα set, caused to stand, 2 aor. ἔστην stood, ἕστηκα stand, plup. εἱστήκη stood, ἐστάθην stood","make to stand, set",verb: -μι,Work and Leisure,145,"histemi steso will set, estesa set, caused to stand, 2 aor. esten stood, hesteca stand, plup. histece stood, estathen stood","histemi steso will set, estesa set, caused to stand, 2 aor. esten stood, hesteca stand, plup. histece stood, estathen stood"
ἅμα,at the same time; (prep.) together with (+dat.),adverb,Time,146,hama,hama
"ἄγω, ἄξω, ἤγαγον, ἦχα, ἦγμαι, ἤχθην","lead, carry, bring; pass (time)",verb: -ω palatal stem,Movement,147,"ago, axo, egagon, echa, egmae, echthen","ago, axo, egagon, echa, egmae, echthen"
"τρόπος τρόπου, ὁ","way, manner, fashion; way of life, habit, custom",noun: 2nd declension,Characteristics,148,"tropos tropu, ho","tropus tropu, ho"
μήτε...μήτε,neither...nor,conjunction: coordinating,Conjunctions/Adverbs,149,mete...mete,mete...mete
μέσος μέση μέσον,"middle, in the middle, moderate; τὸ μέσον midst",adjective: 1st and 2nd declension,Measurements and Numerals,150,mesos mese meson,mesus mese mesum
ἀλλήλων –οις,"(oblique cases plural only) one another, each other",pronoun,Pronouns/Interrogatives,151,allelon oes,allelum oes
ἀεί,always,adverb,Time,152,ai,ai
φίλος φίλη φίλον,"beloved, dear; friendly",adjective: 1st and 2nd declension,Family and Friendship and the Home,153,philos phile philon,philus phile philum
"συμβαίνω, συμβήσομαι, 2 aor. συνέβην, συμβέβηκα","meet, come to an agreement, correspond; happen, occur, come to pass; turn out in a certain way (+adv.), result",verb: -ω liquid stem,Family and Friendship and the Home,154,"symbaeno, symbesomae, 2 aor. syneben, symbebeca","symbaeno, symbesomae, 2 aor. syneben, symbebeca"
"ἔργον ἔργου, τό","work, achievement, exploit",noun: 2nd declension,Work and Leisure,155,"ergon ergu, to","ergum ergu, to"
"πλέω, πλεύσομαι, ἔπλευσα, πέπλευκα, πέπλευσμαι, ἐπλεύσθην",sail,verb: contracted,Government and Society,156,"pleo, pleusomae, epleusa, pepleuca, pepleusmae, epleusthen","pleo, pleusomae, epleusa, pepleuca, pepleusmae, epleusthen"
τότε,"then, at that time; οἱ τότε the men of that time (opp. οἱ νῦν)",adverb,Time,157,tote,tote
μήν,[emphasizes preceding particle],adverb,Particles,158,men,men
"χρή, impf. χρῆν or ἐχρῆν, infin. χρῆναι","it is necessary, it is fated, one ought (+infin. or +acc. and infin.)",verb: impersonal,Ethics and Morals,159,"chre, impf. chren or echren, infin. chrenae","chre, impf. chren or echren, infin. chrenae"
"δείκνυμι, δείξω, ἔδειξα, δέδειχα, δέδειγμαι, ἐδείχθην","show, point out",verb: -μι,Showing and Finding,160,"dicnymi, dixo, edixa, dedicha, dedigmae, edichthen","dicnymi, dixo, edixa, dedicha, dedigmae, edichthen"
"ζῷον ζῴου, τό","living being, animal",noun: 2nd declension,Animals and Plants,161,"zoon zou, to","zoum zou, to"
"πρᾶγμα πράγματος, τό","thing; (pl.) circumstances, affairs, business",noun: 3rd declension consonant stem,Work and Leisure,162,"pragma pragmatos, to","pragma pragmatos, to"
ἐναντίος ἐναντία ἐναντίον,"opposite, facing; opposing",adjective: 1st and 2nd declension,Direction,163,enantios enantia enantion,enantius enantia enantium
"τίθημι, θήσω, ἔθηκα, τέθηκα, τέθειμαι (but usu. κεῖμαι instead), ἐτέθην","to put, place; establish, ordain, institute; put in a certain state",verb: -μι,Work and Leisure,164,"tithemi, theso, etheca, tetheca, tethimae (but usu. cimae instead), etethen","tithemi, theso, etheca, tetheca, tethimae (but usu. cimae instead), etethen"
"εἶδον, 2 aor. of ὁράω, act. infin. ἰδεῖν, mid.infin. ἰδέσθαι",I saw,verb: irregular,The Senses and Feelings,165,"idon, 2 aor. of horao, act. infin. idin, mid.infin. idesthae","idon, 2 aor. of horao, act. infin. idin, mid.infin. idesthae"
"χείρ χειρός, ἡ",hand,noun: 3rd declension consonant stem,Body Parts,166,"chir chiros, he","chir chiros, he"
μηδέ,and not,conjunction: coordinating,Conjunctions/Adverbs,167,mede,mede
ὀλίγος ὀλίγη ὀλίγον,"little, small, few",adjective: 1st and 2nd declension,Measurements and Numerals,168,oligos olige oligon,oligus olige oligum
"νόμος νόμου, ὁ","custom, tradition, law",noun: 2nd declension,Law and Judgment,169,"nomos nomu, ho","nomus nomu, ho"
κοινός –ή –όν,"common, shared, mutual",adjective: 1st and 2nd declension,Government and Society,170,coenos e on,coenus e on
"οἴομαι or οἶμαι, οἰήσομαι, impf. ᾤμην, aor. ᾠήθην","think, suppose, imagine (+acc. and infin.)",verb: deponent,"The Mind, Perceiving and Learning",171,"oeomae or oemae, oeesomae, impf. omen, aor. oethen","oeomae or oemae, oeesomae, impf. omen, aor. oethen"
"κινέω, κινήσω, ἐκίνησα, κεκίνηκα, κεκίνημαι, ἐκινήθην","set in motion, move, rouse",verb: contracted,Movement,172,"cineo, cineso, ecinesa, cecineca, cecinemae, ecinethen","cineo, cineso, ecinesa, cecineca, cecinemae, ecinethen"
"πάσχω, πείσομαι, ἔπαθον, πέπονθα","suffer, experience, be affected in a certain way (+adv.)",verb: -ω dental stem,Life and Death,173,"pascho, pisomae, epathon, pepontha","pascho, pisomae, epathon, pepontha"
πῶς,how?,adverb,Pronouns/Interrogatives,174,pos,pus
ὅσπερ ἥπερ ὅπερ,"the very one who, the very thing which",pronoun,Pronouns/Interrogatives,175,hosper heper hoper,hosper heper hoper
τοσοῦτος –αύτη –οῦτο(ν),"so large, so much",adjective: 1st and 2nd declension,Measurements and Numerals,176,tosutos aute uto(n),tosutus aute uto(n)
σύν,with (+ dat. of accompaniment or means),preposition,Prepositions without Direction,177,syn,syn
εἶτα,"then, next",adverb,Conjunctions/Adverbs,178,ita,ita
ἀληθής –ές,true,"adjective: 3rd declension -ης, -ες",Ethics and Morals,179,alethes es,alethes es
δίκαιος δικαία δίκαιον,"right, just",adjective: 1st and 2nd declension,Law and Judgment,180,dicaeos dicaea dicaeon,dicaeus dicaea dicaeum
"μέλλω, μελλήσω, ἐμέλλησα","(+infin.) think of doing, intend to, be about to",verb: -ω liquid stem,The Senses and Feelings,181,"mello, melleso, emellesa","mello, melleso, emellesa"
"ἐθέλω, ἐθελήσω, ἠθέλησα, ἠθέληκα",(+infin.) wish (to); be willing (to),verb: -ω liquid stem,The Senses and Feelings,182,"ethelo, etheleso, ethelesa, etheleca","ethelo, etheleso, ethelesa, etheleca"
λοιπός –ή –όν,"rest, remaining, rest-of-the",adjective: 1st and 2nd declension,Measurements and Numerals,183,loepos e on,loepus e on
"ἀνάγκη ἀνάγκης, ἡ",necessity,noun: 1st declension,World Order,184,"anance anances, he","anance anances, he"
ὅτε,"when, whenever (+indic. or opt.)",conjunction: subordinating,Time,185,hote,hote
δεύτερος –α –ον,second,adjective: numeral,Measurements and Numerals,186,deuteros a on,deuterus a on
πόλεμος πολέμου ὁ,war,noun: 2nd declension,War and Peace,187,polemos polemu ho,polemus polemu ho
"χώρα χώρας, ἡ",land; place,noun: 1st declension,Earth,188,"chora choras, he","chora choras, he"
"ζάω, ζήσω, ἔζησα, ἔζηκα",live,verb: contracted,Life and Death,189,"zao, zeso, ezesa, ezeca","zao, zeso, ezesa, ezeca"
"πλῆθος πλήθους, τό","mass, throng, crowd; number",noun: 3rd declension σ-stem,Government and Society,190,"plethos plethus, to","plethus plethus, to"
"ἥλιος ἡλίου, ὁ",sun,noun: 2nd declension,World Order,191,"helios heliu, ho","helius heliu, ho"
"αἰτία αἰτίας, ἡ","cause, origin; charge, accusation",noun: 1st declension,Law and Judgment,192,"aetia aetias, he","aetia aetias, he"
"πείθω, πείσω, ἔπεισα, πέποιθα, πέπεισμαι, ἐπείσθην","persuade, win over; (mid. and pass.) obey, believe in, trust in (+dat.)",verb: -ω dental stem,Writing and Talking,193,"pitho, piso, episa, pepoetha, pepismae, episthen","pitho, piso, episa, pepoetha, pepismae, episthen"
πάρειμι,"be present, be ready or at hand; (impers.) πάρεστί μοι it depends on me, it is in my power; τὰ παρόντα the present circumstances; τὸ παρόν just now",verb: irregular,Humanity and Being,194,parimi,parimi
πλεῖστος πλείστη πλεῖστον,"most, greatest, largest (superl. of πολύς)",adjective: 1st and 2nd declension,Measurements and Numerals,195,plistos pliste pliston,plistus pliste plistum
"εἶδος εἴδους, τό","form, shape, figure; class, kind, sort",noun: 3rd declension σ-stem,Measurements and Numerals,196,"idos idus, to","idus idus, to"
ὅπως,"how, as; so that, in order that (+subj. or opt.)",conjunction: subordinating,Conjunctions/Adverbs,197,hopos,hopus
τρεῖς τρία,three,adjective: numeral,Measurements and Numerals,198,tris tria,tris tria
"βίος βίου, ὁ",life,noun: 2nd declension,Life and Death,199,"bios biu, ho","bius biu, ho"
"νομίζω, νομιῶ, ἐνόμισα, νενόμικα, νενόμισμαι, ἐνομίσθην","think, believe that (+acc. and infin.); hold as a custom, be accustomed to (+infin.)",verb: -ω dental stem,"The Mind, Perceiving and Learning",200,"nomizo, nomio, enomisa, nenomica, nenomismae, enomisthen","nomizo, nomio, enomisa, nenomica, nenomismae, enomisthen"
"κύκλος κύκλου, ὁ","circle, ring, orb, disc, circular motion",noun: 2nd declension,Measurements and Numerals,201,"cyclos cyclu, ho","cyclus cyclu, ho"
"πάθος πάθους, τό","incident, accident, misfortune, experience; passion, emotion; state, condition",noun: 3rd declension σ-stem,The Senses and Feelings,202,"pathos pathus, to","pathus pathus, to"
πρό,"before, in front of (+gen.)",preposition,Time,203,pro,pro
"ὀνομάζω, ὀνομάσω, ὠνόμασα, ὠνόμακα, ὠνόμασμαι, ὠνομάσθην",call by name,verb: -ω dental stem,Writing and Talking,204,"onomazo, onomaso, onomasa, onomaca, onomasmae, onomasthen","onomazo, onomaso, onomasa, onomaca, onomasmae, onomasthen"
μέντοι,however; of course,adverb,Particles,205,mentoe,mentoe
"ἀρετή ἀρετῆς, ἡ","goodness, excellence; virtue; valor, bravery",noun: 1st declension,Ethics and Morals,206,"arete aretes, he","arete aretes, he"
ὑμέτερος ὑμετέρα ὑμέτερον,"your, yours (pl.; σός = sg.)",adjective: 1st and 2nd declension,Pronouns/Interrogatives,207,hymeteros hymetera hymeteron,hymeterus hymetera hymeterum
"ἔτος ἔτους, τό",year,noun: 3rd declension σ-stem,Time,208,"etos etus, to","etus etus, to"
ἀντί,opposite (+gen.),preposition,Direction,209,anti,anti
"ναῦς νεώς, ἡ",ship,noun: 3rd declension irregular,Work and Leisure,210,"naus neos, he","naus neos, he"
τρίτος –η –ον,third,adjective: numeral,Measurements and Numerals,211,tritos e on,tritus e on
"πνεῦμα πνεύματος, τό","wind, breath, spirit",noun: 3rd declension consonant stem,Earth,212,"pneuma pneumatos, to","pneuma pneumatos, to"
ὀρθός –ή –όν,"upright, straight, true, regular",adjective: 1st and 2nd declension,Measurements and Numerals,213,orthos e on,orthus e on
"θάλασσα θαλάσσης, ἡ",the sea,noun: 1st declension,Earth,214,"thalassa thalasses, he","thalassa thalasses, he"
"διαφέρω, διοίσω, 1 aor. διήνεγκα, 2 aor. διήνεγκον, διενήνοχα, διενήνεγμαι","carry in different ways, spread; differ; (impers.) διαφέρει it makes a difference to (+dat.)",verb: -ω liquid stem,Work and Leisure,215,"diaphero, dioeso, 1 aor. dienenca, 2 aor. dienencon, dienenocha, dienenegmae","diaphero, dioeso, 1 aor. dienenca, 2 aor. dienencon, dienenocha, dienenegmae"
μέχρι,"until (conj.); as far as, up to (prep. +gen.)",preposition,Time,216,mechri,mechri
"δόξα δόξης, ἡ","opinion, judgment; reputation, honor, glory",noun: 1st declension,Ethics and Morals,217,"doxa doxes, he","doxa doxes, he"
"κεφαλή –ῆς, ἡ",head,noun: 1st declension,Body Parts,218,"cephale es, he","cephale es, he"
"πῦρ πυρός, τό",fire,noun: 3rd declension consonant stem,World Order,219,"pyr pyros, to","pyr pyros, to"
ἐλάσσων ἔλασσον,"smaller, less, fewer (comp. of μικρός)","adjective: 3rd declension -ων, -ον",Measurements and Numerals,220,elasson elasson,elassum elassum
"πούς ποδός, ὁ",foot,noun: 3rd declension consonant stem,Body Parts,221,"pus podos, ho","pus podos, ho"
ἱερός –ά –όν,"holy, venerated, divine",adjective: 1st and 2nd declension,Religion,222,hieros a on,hierus a on
εὐθύς εὐθεῖα εὐθύ,"straight, direct; (adv.) immediately","adjective: -ύς, -εῖα, -ύ",Measurements and Numerals,223,euthys euthia euthy,euthys euthia euthy
"εἶμι, infin. ἰέναι, ptc. ἰών, ἰοῦσα, ἰόν",I will go (fut. of ἔρχομαι),verb: -μι,Movement,224,"imi, infin. ienae, ptc. ion, iusa, ion","imi, infin. ienae, ptc. ion, iusa, ium"
ταχύς ταχεῖα ταχύ,"quick, fast; (adv.) τάχα quickly; perhaps","adjective: -ύς, -εῖα, -ύ",Characteristics,225,tachys tachia tachy,tachys tachia tachy
"ποταμός –οῦ, ὁ","river, stream",noun: 2nd declension,Earth,226,"potamos u, ho","potamus u, ho"
"οὐσία οὐσίας, ἡ","substance, property; essence",noun: 1st declension,Family and Friendship and the Home,227,"usia usias, he","usia usias, he"
"ἀριθμός –οῦ, ὁ",number,noun: 2nd declension,Measurements and Numerals,228,"arithmos u, ho","arithmus u, ho"
ὕστερος ὑστέρα ὕστερον,"coming after, following (+gen.); next, later; (adv.) ὕστερον afterwards",adjective: 1st and 2nd declension,Direction,229,hysteros hystera hysteron,hysterus hystera hysterum
"φυλάσσω, φυλάξω, ἐφύλαξα, πεφύλαχα, πεφύλαγμαι, ἐφυλάχθην","watch, guard, defend; (mid.) be on one’s guard against (+acc.)",verb: -ω palatal stem,War and Peace,230,"phylasso, phylaxo, ephylaxa, pephylacha, pephylagmae, ephylachthen","phylasso, phylaxo, ephylaxa, pephylacha, pephylagmae, ephylachthen"
"καιρός καιροῦ, ὁ",the right time,noun: 2nd declension,Time,231,"caeros caeru, ho","caerus caeru, ho"
"οἰκέω, οἰκήσω, ᾤκησα, ᾤκηκα, ᾠκήθην","inhabit, occupy",verb: contracted,Family and Friendship and the Home,232,"oeceo, oeceso, ocesa, oceca, ocethen","oeceo, oeceso, ocesa, oceca, ocethen"
ἀμφότερος ἀμφοτέρα ἀμφότερον,both,adjective: 1st and 2nd declension,Measurements and Numerals,233,amphoteros amphotera amphoteron,amphoterus amphotera amphoterum
"σημεῖον σημείου, τό","sign, signal, mark",noun: 2nd declension,Showing and Finding,234,"semion semiu, to","semium semiu, to"
"παρέχω, παρέξω, παρέσχον, παρέσχηκα, impf. παρεῖχον","provide, present, offer; allow, grant",verb: -ω palatal stem,Taking and Giving,235,"parecho, parexo, pareschon, parescheca, impf. parichon","parecho, parexo, pareschon, parescheca, impf. parichum"
ἑκάτερος ἑκατέρα ἑκάτερον,each (of two),pronoun,Pronouns/Interrogatives,236,hecateros hecatera hecateron,hecaterus hecatera hecaterum
"δηλόω, δηλώσω, ἐδήλωσα, δεδήλωκα, ἐδηλώθην","show, declare, explain",verb: contracted,Showing and Finding,237,"deloo, deloso, edelosa, dedeloca, edelothen","deloo, deloso, edelosa, dedeloca, edelothen"
οἰκεῖος οἰκεία οἰκεῖον,"domestic, of the house; one’s own; fitting, suitable",adjective: 1st and 2nd declension,Family and Friendship and the Home,238,oecios oecia oecion,oecius oecia oecium
"κελεύω, κελεύσω, ἐκέλευσα, κεκέλευκα, κεκέλευσμαι, ἐκελεύσθην","order, bid, command (+acc. and infin.)",verb: -ω vowel stem,Law and Judgment,239,"celeuo, celeuso, eceleusa, ceceleuca, ceceleusmae, eceleusthen","celeuo, celeuso, eceleusa, ceceleuca, ceceleusmae, eceleusthen"
"τέλος τέλους, τό","end, fulfillment, achievement",noun: 3rd declension σ-stem,Life and Death,240,"telos telus, to","telus telus, to"
"ἡγέομαι, ἡγήσομαι, ἡγησάμην, ἥγημαι","lead, be the leader; regard, believe, think",verb: deponent,"The Mind, Perceiving and Learning",241,"hegeomae, hegesomae, hegesamen, hegemae","hegeomae, hegesomae, hegesamen, hegemae"
ἄξιος ἀξία ἄξιον,"worthy, deserving",adjective: 1st and 2nd declension,Ethics and Morals,242,axios axia axion,axius axia axium
ἦ,truly (emphasizes what follows),adverb,Particles,243,e,e
δῆλος δήλη δῆλον,"visible, clear, manifest",adjective: 1st and 2nd declension,Showing and Finding,244,delos dele delon,delus dele delum
τοίνυν (τοί-νυν),"therefore, accordingly (inferential); further, moreover (transitional)",adverb,Particles,245,toenyn (toe-nyn),toenyn (toe-nyn)
πολέμιος πολεμία πολέμιον,hostile; οἱ πολέμιοι the enemy,adjective: 1st and 2nd declension,War and Peace,246,polemios polemia polemion,polemius polemia polemium
"ἔρομαι, ἐρήσομαι, 2 aor. ἠρόμην","ask, ask one about (+double acc.)",verb: deponent,Writing and Talking,247,"eromae, eresomae, 2 aor. eromen","eromae, eresomae, 2 aor. eromen"
"ἀδελφός –οῦ, ὁ",brother,noun: 2nd declension,Family and Friendship and the Home,248,"adelphos u, ho","adelphus u, ho"
"μέγεθος μεγέθους, τό","greatness, size, magnitude",noun: 3rd declension σ-stem,Measurements and Numerals,249,"megethos megethus, to","megethus megethus, to"
εἴτε…εἴτε,whether…or,conjunction: coordinating,Conjunctions/Adverbs,250,iteite,iteite
"κεῖμαι, κείσομαι","to lie, be situated, be laid up in store, be set up, be established or ordained (used as pf. pass. of τίθημι)",verb: deponent,Work and Leisure,251,"cimae, cisomae","cimae, cisomae"
πολλάκις,often,adverb,Time,252,pollacis,pollacis
"πίνω, πίομαι, 2 aor. ἔπιον, πέπωκα, -πέπομαι, -επόθην",drink,verb: -ω liquid stem,The Senses and Feelings,253,"pino, piomae, 2 aor. epion, pepoca, -pepomae, -epothen","pino, piomae, 2 aor. epion, pepoca, -pepomae, -epothen"
"χάρις χάριτος, ἡ","splendor, honor, glory; favor, goodwill, gratitude, thanks",noun: 3rd declension consonant stem,Ethics and Morals,254,"charis charitos, he","charis charitos, he"
ἔπειτα,"then, next",adverb,Time,255,epita,epita
"ζητέω, ζητήσω, ἐζήτησα, ἐζήτηκα",seek,verb: contracted,Showing and Finding,256,"zeteo, zeteso, ezetesa, ezeteca","zeteo, zeteso, ezetesa, ezeteca"
"σχῆμα σχήματος, τό","form, figure, appearance, character",noun: 3rd declension consonant stem,Measurements and Numerals,257,"schema schematos, to","schema schematos, to"
"τροφή τροφῆς, ἡ","nourishment, food",noun: 1st declension,Life and Death,258,"trophe trophes, he","trophe trophes, he"
"μανθάνω, μαθήσομαι, ἔμαθον, μεμάθηκα","learn, ascertain",verb: -ω liquid stem,"The Mind, Perceiving and Learning",259,"manthano, mathesomae, emathon, mematheca","manthano, mathesomae, emathon, mematheca"
ἐνταῦθα,"here, there",adverb,Direction,260,entautha,entautha
"φεύγω, φεύξομαι, ἔφυγον, πέφευγα","flee, run away, avoid, shun",verb: -ω palatal stem,Movement,261,"pheugo, pheuxomae, ephygon, pepheuga","pheugo, pheuxomae, ephygon, pepheuga"
"ἵππος ἵππου, ὁ",horse,noun: 2nd declension,Animals and Plants,262,"hippos hippu, ho","hippus hippu, ho"
"κόσμος κόσμου, ὁ","order; ornament, decoration, adornment; world, universe",noun: 2nd declension,World Order,263,"cosmos cosmu, ho","cosmus cosmu, ho"
"αἷμα αἵματος, τό",blood,noun: 3rd declension consonant stem,Body Parts,264,"haema haematos, to","haema haematos, to"
"αἱρέω, αἱρήσω, 2 aor. εἷλον, ᾕρηκα, ᾕρημαι, ᾑρέθην","take, grasp, take by force; (mid.) choose",verb: contracted,Taking and Giving,265,"haereo, haereso, 2 aor. hilon, hereca, heremae, herethen","haereo, haereso, 2 aor. hilon, hereca, heremae, herethen"
"προστίθημι, προσθήσω, προσέθηκα, προστέθηκα, προστέθειμαι (but commonly προσκεῖμαι instead), προσετέθην",add; (med.) join,verb: -μι,Taking and Giving,266,"prostithemi, prostheso, prosetheca, prostetheca, prostethimae (but commonly proscimae instead), prosetethen","prostithemi, prostheso, prosetheca, prostetheca, prostethimae (but commonly proscimae instead), prosetethen"
"ἀξιόω, ἀξιώσω, ἠξίωσα, ἠξίωκα, ἠξίωμαι, ἠξιώθην","consider worthy; require, demand, ask, claim",verb: contracted,Ethics and Morals,267,"axioo, axioso, exiosa, exioca, exiomae, exiothen","axioo, axioso, exiosa, exioca, exiomae, exiothen"
ἕως,"until; while, so long as",conjunction: subordinating,Time,268,heos,heus
νέος νέα νέον,"young, new, fresh",adjective: 1st and 2nd declension,Characteristics,269,neos nea neon,neus nea neum
"ἔοικα, ptc. εἰκώς","be like, look like (+dat.); seem; befit",verb: irregular,Characteristics,270,"eoeca, ptc. icos","eoeca, ptc. icus"
κἄν (καὶ-ἄν),even if (+subj.),conjunction: subordinating,Conjunctions/Adverbs,271,can (cae-an),can (cae-an)
"καθίστημι, καταστήσω, κατέστησα, κατέστην, καθέστηκα, plupf. καθειστήκη, κατεστάθην","set down, establish; bring into a certain state, render",verb: -μι,Work and Leisure,272,"cathistemi, catasteso, catestesa, catesten, cathesteca, plupf. cathistece, catestathen","cathistemi, catasteso, catestesa, catesten, cathesteca, plupf. cathistece, catestathen"
"τέχνη τέχνης, ἡ","art, skill, craft",noun: 1st declension,Government and Society,273,"techne technes, he","techne technes, he"
"χρῆμα χρήματος, τό","thing, matter; (more commonly in pl.) goods or property, esp. money",noun: 3rd declension consonant stem,Government and Society,274,"chrema chrematos, to","chrema chrematos, to"
"σῴζω, σώσω, ἔσωσα, σέσωκα, ἐσώθην",save,verb: -ω dental stem,Help and Safety,275,"sozo, soso, esosa, sesoca, esothen","sozo, soso, esosa, sesoca, esothen"
"πέμπω, πέμψω, ἔπεμψα, πέπομφα, πέπεμμαι, ἐπέμφθην",send,verb: -ω labial stem,Movement,276,"pempo, pempso, epempsa, pepompha, pepemmae, epemphthen","pempo, pempso, epempsa, pepompha, pepemmae, epemphthen"
"φωνή φωνῆς, ἡ","sound, voice",noun: 1st declension,The Senses and Feelings,277,"phone phones, he","phone phones, he"
ἕνεκα,"on account of, for the sake of (+gen.)",preposition,Prepositions without Direction,278,heneca,heneca
"ἀπόλλυμι, ἀπολῶ, ἀπώλεσα, 2 aor. mid. ἀπωλόμην, pf. ἀπολώλεκα (“I have utterly destroyed”) or ἀπόλωλα (“I am undone”)","kill, destroy; (mid.) perish, die",verb: -μι,Life and Death,279,"apollymi, apolo, apolesa, 2 aor. mid. apolomen, pf. apololeca (i have utterly destroyed) or apolola (i am undone)","apollymi, apolo, apolesa, 2 aor. mid. apolomen, pf. apololeca (i have utterly destroyed) or apolola (i am undone)"
"θάνατος θανάτου, ὁ",death,noun: 2nd declension,Life and Death,280,"thanatos thanatu, ho","thanatus thanatu, ho"
"νύξ νυκτός, ἡ",night,noun: 3rd declension consonant stem,World Order,281,"nyx nyctos, he","nyx nyctos, he"
"ὁδός ὁδοῦ, ἡ","road, way, path",noun: 2nd declension,Government and Society,282,"hodos hodu, he","hodus hodu, he"
"ἔθνος ἔθνους, τό",nation,noun: 3rd declension σ-stem,Government and Society,283,"ethnos ethnus, to","ethnus ethnus, to"
"ἀποδίδωμι, ἀποδώσω, ἀπέδωκα, ἀποδέδωκα, ἀποδέδομαι, ἀπεδόθην",give back; render; allow; (mid.) sell,verb: -μι,Taking and Giving,284,"apodidomi, apodoso, apedoca, apodedoca, apodedomae, apedothen","apodidomi, apodoso, apedoca, apodedoca, apodedomae, apedothen"
"νοῦς, νοῦ, ὁ (other dialects: νόος, νόου, ὁ)","mind, perception, sense",noun: 2nd declension,"The Mind, Perceiving and Learning",285,"nus, nu, ho (other dialects: noos, nou, ho)","nus, nu, ho (other dialects: noos, nou, ho)"
"μένω, μενῶ, ἔμεινα, μεμένηκα","stay, remain, endure, await",verb: -ω liquid stem,Movement,286,"meno, meno, emina, memeneca","meno, meno, emina, memeneca"
"ἀποθνῄσκω, ἀποθανοῦμαι, 2 aor. ἀπέθανον, ἀποτέθνηκα",die,verb: -ω palatal stem,Life and Death,287,"apothnesco, apothanumae, 2 aor. apethanon, apotethneca","apothnesco, apothanumae, 2 aor. apethanon, apotethneca"
πάνυ,"altogether, entirely",adverb,Conjunctions/Adverbs,288,pany,pany
εὖ,"well (opp. κακῶς); thoroughly, competently; happily, fortunately",adverb,Conjunctions/Adverbs,289,eu,eu
"κρίνω, κρινῶ, ἔκρινα, κέκρικα, κέκριμαι, ἐκρίθην","judge, decide, determine",verb: -ω liquid stem,Law and Judgment,290,"crino, crino, ecrina, cecrica, cecrimae, ecrithen","crino, crino, ecrina, cecrica, cecrimae, ecrithen"
"ἀναιρέω, ἀναιρήσω, ἀνεῖλον, ἀνῄρηκα, ἀνῄρημαι, ἀνῃρέθην","raise, take up; kill, destroy",verb: contracted,War and Peace,291,"anaereo, anaereso, anilon, anereca, aneremae, anerethen","anaereo, anaereso, anilon, anereca, aneremae, anerethen"
μακρός –ά –όν,"long, tall, large, long-lasting",adjective: 1st and 2nd declension,Measurements and Numerals,292,macros a on,macrus a on
"ἥκω, ἥξω, pf. ἧκα","I have come, I am present",verb: -ω palatal stem,Movement,293,"heco, hexo, pf. heca","heco, hexo, pf. heca"
"ἡδονή –ῆς, ἡ","pleasure, enjoyment",noun: 1st declension,Work and Leisure,294,"hedone es, he","hedone es, he"
"μήτηρ μητρός, ἡ",mother,noun: 3rd declension irregular,Family and Friendship and the Home,295,"meter metros, he","meter metros, he"
δεινός –ή –όν,"awesome, terrible; clever, clever at (+infin.)",adjective: 1st and 2nd declension,Characteristics,296,dinos e on,dinus e on
"διαφορά –ᾶς, ἡ","difference, disagreement",noun: 1st declension,Law and Judgment,297,"diaphora as, he","diaphora as, he"
"κρατέω, κρατήσω, ἐκράτησα, κεκράτηκα, κεκράτημαι, ἐκρατήθην","be victorious, conquer, rule, surpass, excel (+gen.)",verb: contracted,Government and Society,298,"crateo, crateso, ecratesa, cecrateca, cecratemae, ecratethen","crateo, crateso, ecratesa, cecrateca, cecratemae, ecratethen"
"δῆμος δήμου, ὁ",the (common) people; country district (opp. πόλις),noun: 2nd declension,Humanity and Being,299,"demos demu, ho","demus demu, ho"
"οὐρανός –οῦ, ὁ","sky, heaven",noun: 2nd declension,World Order,300,"uranos u, ho","uranus u, ho"
"ἕπομαι ἕψομαι, 2 aor. ἑσπόμην",follow,verb: deponent,Movement,301,"hepomae hepsomae, 2 aor. hespomen","hepomae hepsomae, 2 aor. hespomen"
ἥσσων ἧσσον,"less, weaker (comp. of κακός or μικρός)","adjective: 3rd declension -ων, -ον",Characteristics,302,hesson hesson,hessum hessum
"ὄρος ὄρους, τό","mountain, hill",noun: 3rd declension σ-stem,Earth,303,"oros orus, to","orus orus, to"
πλήν,"(prep.) except (+gen.); (conj.) except that, unless, but",preposition,Prepositions without Direction,304,plen,plen
τέσσαρες τέσσαρα,four,adjective: numeral,Measurements and Numerals,305,tessares tessara,tessares tessara
δυνατός –ή –όν,"strong, powerful, able",adjective: 1st and 2nd declension,Characteristics,306,dynatos e on,dynatus e on
"οἶκος οἴκου, ὁ","house, home, family",noun: 2nd declension,Family and Friendship and the Home,307,"oecos oecu, ho","oecus oecu, ho"
ἄριστος ἀρίστη ἄριστον,"best, noblest (superl. of ἀγαθός)",adjective: 1st and 2nd declension,Ethics and Morals,308,aristos ariste ariston,aristus ariste aristum
ῥᾴδιος ῥᾳδία ῥᾴδιον,easy,adjective: 1st and 2nd declension,Characteristics,309,rhadios rhadia rhadion,rhadius rhadia rhadium
"ἀφαιρέω, ἀφαιρήσω, ἀφεῖλον, ἀφῄρηκα, ἀφῄρημαι, ἀφῃρέθην","take from, take away",verb: contracted,Taking and Giving,310,"aphaereo, aphaereso, aphilon, aphereca, apheremae, apherethen","aphaereo, aphaereso, aphilon, aphereca, apheremae, apherethen"
"τύχη τύχης, ἡ","luck, fortune (good or bad), fate, chance",noun: 1st declension,Life and Death,311,"tyche tyches, he","tyche tyches, he"
φανερός –ά –όν,"clear, evident",adjective: 1st and 2nd declension,The Senses and Feelings,312,phaneros a on,phanerus a on
"πρόσωπον προσώπου, τό","face, mask, person",noun: 2nd declension,Body Parts,313,"prosopon prosopu, to","prosopum prosopu, to"
"πιστεύω, πιστεύσω, ἐπίστευσα, πεπίστευκα, πεπίστευμαι, ἐπιστεύθην","trust, rely on, believe in (+dat.)",verb: -ω vowel stem,The Senses and Feelings,314,"pisteuo, pisteuso, episteusa, pepisteuca, pepisteumae, episteuthen","pisteuo, pisteuso, episteusa, pepisteuca, pepisteumae, episteuthen"
"διδάσκω, διδάξω, ἐδίδαξα, δεδίδαχα, δεδίδαγμαι, ἐδιδάχθην",teach,verb: -ω palatal stem,"The Mind, Perceiving and Learning",315,"didasco, didaxo, edidaxa, dedidacha, dedidagmae, edidachthen","didasco, didaxo, edidaxa, dedidacha, dedidagmae, edidachthen"
ἄνω,"up, upwards",adverb,Direction,316,ano,ano
"τάσσω, τάξω, ἔταξα, τέταχα, τέταγμαι, ἐτάχθην","arrange, put in order",verb: -ω palatal stem,Government and Society,317,"tasso, taxo, etaxa, tetacha, tetagmae, etachthen","tasso, taxo, etaxa, tetacha, tetagmae, etachthen"
"ὀφθαλμός –οῦ, ὁ",eye,noun: 2nd declension,Body Parts,318,"ophthalmos u, ho","ophthalmus u, ho"
"δέχομαι, δέξομαι, ἐδεξάμην, δέδεγμαι, -εδέχθην","take, accept; welcome, entertain",verb: deponent,Family and Friendship and the Home,319,"dechomae, dexomae, edexamen, dedegmae, -edechthen","dechomae, dexomae, edexamen, dedegmae, -edechthen"
"ἀφικνέομαι, ἀφίξομαι, 2 aor. ἀφικόμην, ἀφῖγμαι","come to, arrive at",verb: deponent,Movement,320,"aphicneomae, aphixomae, 2 aor. aphicomen, aphigmae","aphicneomae, aphixomae, 2 aor. aphicomen, aphigmae"
ἱκανός –ή –όν,"sufficient, enough; competent, able to (+infin.)",adjective: 1st and 2nd declension,Help and Safety,321,hicanos e on,hicanus e on
"ἐργάζομαι, ἐργάσομαι, εἰργασάμην, εἴργασμαι","work, labor",verb: deponent,Work and Leisure,322,"ergazomae, ergasomae, irgasamen, irgasmae","ergazomae, ergasomae, irgasamen, irgasmae"
"μάχη μάχης, ἡ",battle,noun: 1st declension,War and Peace,323,"mache maches, he","mache maches, he"
"τρέφω, θρέψω, ἔθρεψα, τέθραμμαι, ἐτράφην","nourish, feed, support, maintain; rear, educate",verb: -ω labial stem,Life and Death,324,"trepho, threpso, ethrepsa, tethrammae, etraphen","trepho, threpso, ethrepsa, tethrammae, etraphen"
ἀδύνατος –ον,impossible; powerless,adjective: 1st and 2nd declension,Government and Society,325,adynatos on,adynatus on
ἀκριβής –ές,"exact, accurate, precise","adjective: 3rd declension -ης, -ες",Measurements and Numerals,326,acribes es,acribes es
που,"(enclitic) somewhere; I suppose, perhaps (to qualify an assertion)",adverb,Particles,327,pu,pu
ὅθεν,"from where, whence",adverb,Direction,328,hothen,hothen
"στόμα στόματος, τό","mouth, face, opening",noun: 3rd declension consonant stem,Body Parts,329,"stoma stomatos, to","stoma stomatos, to"
χωρίς,"separately, apart; (+gen.) without, separate from",adverb,Direction,330,choris,choris
κρείσσων κρεῖσσον,"stronger, mightier; better, more excellent (comp. of ἀγαθός)","adjective: 3rd declension -ων, -ον",Characteristics,331,crisson crisson,crissum crissum
βραχύς βραχεῖα βραχύ,"brief, short","adjective: -ύς, -εῖα, -ύ",Characteristics,332,brachys brachia brachy,brachys brachia brachy
ἰσχυρός –ά –όν,strong,adjective: 1st and 2nd declension,Characteristics,333,ischyros a on,ischyrus a on
"ἀλήθεια ἀληθείας, ἡ",truth,noun: 1st declension,Ethics and Morals,334,"alethia alethias, he","alethia alethias, he"
"δίκη δίκης, ἡ","justice, lawsuit, trial, penalty",noun: 1st declension,Law and Judgment,335,"dice dices, he","dice dices, he"
"χωρίον χωρίου, τό","place, spot, district",noun: 2nd declension,Earth,336,"chorion choriu, to","chorium choriu, to"
ἡδύς ἡδεῖα ἡδύ,"sweet, pleasant","adjective: -ύς, -εῖα, -ύ",Characteristics,337,hedys hedia hedy,hedys hedia hedy
"νόσος νόσου, ἡ","disease, sickness",noun: 2nd declension,Life and Death,338,"nosos nosu, he","nosus nosu, he"
"λίθος λίθου, ὁ",stone,noun: 2nd declension,Earth,339,"lithos lithu, ho","lithus lithu, ho"
παλαιός –ά –όν,"old, ancient",adjective: 1st and 2nd declension,Characteristics,340,palaeos a on,palaeus a on
"ἀφίημι, ἀφήσω, ἀφῆκα, ἀφεῖκα, ἀφεῖμαι, ἀφείθην","send away, let go; let alone, neglect",verb: -μι,Taking and Giving,341,"aphiemi, apheso, apheca, aphica, aphimae, aphithen","aphiemi, apheso, apheca, aphica, aphimae, aphithen"
ἄλλως,otherwise,adverb,Pronouns/Interrogatives,342,allos,allus
"πρᾶξις πράξεως, ἡ","action, transaction, business",noun: 3rd declension ι-stem,Work and Leisure,343,"praxis praxeos, he","praxis praxeos, he"
σαφής σαφές,"clear, distinct, plain","adjective: 3rd declension -ης, -ες",Showing and Finding,344,saphes saphes,saphes saphes
σοφός –ή –όν,"wise, clever, skilled",adjective: 1st and 2nd declension,Characteristics,345,sophos e on,sophus e on
"νικάω, νικήσω, ἐνίκησα, νενίκηκα, νενίκημαι, ἐνικήθην","conquer, win",verb: contracted,War and Peace,346,"nicao, niceso, enicesa, neniceca, nenicemae, enicethen","nicao, niceso, enicesa, neniceca, nenicemae, enicethen"
"ὁμολογέω, ὁμολογήσω, ὡμολόγησα, ὡμολόγηκα, ὡμολόγημαι, ὡμολογήθην","agree with, say the same thing as (+dat.)",verb: contracted,Law and Judgment,347,"homologeo, homologeso, homologesa, homologeca, homologemae, homologethen","homologeo, homologeso, homologesa, homologeca, homologemae, homologethen"
"ναός (νεώς) ναοῦ (νεώ), ὁ",temple,noun: 2nd declension,Religion,348,"naos (neos) nau (neo), ho","naus (neos) nau (neo), ho"
"αὖ, αὖθις",moreover; on the other hand; back (again),adverb,Particles,349,"au, authis","au, authis"
"πατρίς πατρίδος, ἡ",fatherland,noun: 3rd declension consonant stem,Government and Society,350,"patris patridos, he","patris patridos, he"
ὀξύς ὀξεῖα ὀξύ,"sharp, keen, shrill, pungent","adjective: -ύς, -εῖα, -ύ",Characteristics,351,oxys oxia oxy,oxys oxia oxy
καίτοι (καί-τοι),"and indeed, and yet",adverb,Particles,352,caetoe (cae-toe),caetoe (cae-toe)
πλέον,"more, rather",adverb,Measurements and Numerals,353,pleon,pleum
πλέων πλέον,"more, larger (comp. of πολύς)","adjective: 3rd declension -ων, -ον",Measurements and Numerals,354,pleon pleon,pleum pleum
"γνώμη γνώμης, ἡ","thought, intelligence, opinion, purpose",noun: 1st declension,"The Mind, Perceiving and Learning",355,"gnome gnomes, he","gnome gnomes, he"
"τιμή τιμῆς, ἡ","honor, esteem; price, value; office, magistracy",noun: 1st declension,Ethics and Morals,356,"time times, he","time times, he"
μεταξύ,between (prep. + gen.); in the midst of (adv.),preposition,Direction,357,metaxy,metaxy
προσήκω προσήξω,"belong to, have to do with; be fitting for (+dat.); arrive at; οἱ προσήκοντες relatives; τὰ προσήκoντα duties",verb: -ω palatal stem,Ethics and Morals,358,proseco prosexo,proseco prosexo
πρίν,"before, until",conjunction: subordinating,Time,359,prin,prin
"ἀδικέω, ἀδικήσω, ἠδίκησα, ἠδίκηκα, ἠδίκημαι, ἠδικήθην",do wrong; injure,verb: contracted,Ethics and Morals,360,"adiceo, adiceso, edicesa, ediceca, edicemae, edicethen","adiceo, adiceso, edicesa, ediceca, edicemae, edicethen"
"στρατηγός –οῦ, ὁ","leader of an army, commander, general",noun: 2nd declension,War and Peace,361,"strategos u, ho","strategus u, ho"
οὐκέτι,"no longer, no more",adverb,Time,362,uceti,uceti
"πρέσβυς πρέσβεως, ὁ",old man; (pl.) ambassadors,"noun: 3rd declension -εύς, -έως",Government and Society,363,"presbys presbeos, ho","presbys presbeos, ho"
"παύω, παύσω, ἔπαυσα, πέπαυκα, πέπαυμαι, ἐπαύθην","stop, put an end to; (mid.) cease",verb: -ω vowel stem,Movement,364,"pauo, pauso, epausa, pepauca, pepaumae, epauthen","pauo, pauso, epausa, pepauca, pepaumae, epauthen"
"τελευτάω, τελευτήσω, ἐτελεύτησα, τετελεύτηκα, τετελεύτημαι, ἐτελευτήθην",finish; die,verb: contracted,Life and Death,365,"teleutao, teleuteso, eteleutesa, teteleuteca, teteleutemae, eteleutethen","teleutao, teleuteso, eteleutesa, teteleuteca, teteleutemae, eteleutethen"
"μίγνυμι, μίξω, ἔμιξα, μέμιχα,μέμιγμαι, ἐμίχθην","mix, mingle",verb: -μι,Work and Leisure,366,"mignymi, mixo, emixa, memicha,memigmae, emichthen","mignymi, mixo, emixa, memicha,memigmae, emichthen"
"λαός λαοῦ, ὁ","the people, folk",noun: 2nd declension,Humanity and Being,367,"laos lau, ho","laus lau, ho"
"θυγάτηρ θυγατρός, ἡ",daughter,noun: 3rd declension irregular,Family and Friendship and the Home,368,"thygater thygatros, he","thygater thygatros, he"
"οἰκία οἰκίας, ἡ","building, house, dwelling",noun: 1st declension,Family and Friendship and the Home,369,"oecia oecias, he","oecia oecias, he"
"παραδίδωμι, παραδώσω, παρέδωκα, παραδέδωκα, παραδέδομαι, παρεδόθην","transmit, hand over, surrender",verb: -μι,Taking and Giving,370,"paradidomi, paradoso, paredoca, paradedoca, paradedomae, paredothen","paradidomi, paradoso, paredoca, paradedoca, paradedomae, paredothen"
ἔξω,outside; except,adverb,Direction,371,exo,exo
"νῆσος νήσου, ἡ",island,noun: 2nd declension,Earth,372,"nesos nesu, he","nesus nesu, he"
ἐκεῖ,there,adverb,Direction,373,eci,eci
"ἐπιστήμη –ης, ἡ","knowledge, understanding, skill",noun: 1st declension,"The Mind, Perceiving and Learning",374,"episteme es, he","episteme es, he"
"ἐάω, ἐάσω, εἴασα","allow, permit (+acc. and infin.); let be, let alone",verb: contracted,Law and Judgment,375,"eao, easo, iasa","eao, easo, iasa"
"θαυμάζω, θαυμάσομαι, ἐθαύμασα, τεθαύμακα, τεθαύμασμαι, ἐθαυμάσθην","to be in awe (of), be astonished (at)",verb: -ω dental stem,The Senses and Feelings,376,"thaumazo, thaumasomae, ethaumasa, tethaumaca, tethaumasmae, ethaumasthen","thaumazo, thaumasomae, ethaumasa, tethaumaca, tethaumasmae, ethaumasthen"
"αἰσθάνομαι, αἰσθήσομαι, 2 aor. ᾐσθόμην, ᾔσθημαι","perceive, understand, hear, learn",verb: deponent,"The Mind, Perceiving and Learning",377,"aesthanomae, aesthesomae, 2 aor. esthomen, esthemae","aesthanomae, aesthesomae, 2 aor. esthomen, esthemae"
"χαίρω, χαιρήσω, κεχάρηκα, κεχάρημαι, ἐχάρην","to be happy, rejoice at (+dat.), take joy in (+ptc.); χαῖρε, (pl.) χαίρετε hello, goodbye",verb: -ω liquid stem,The Senses and Feelings,378,"chaero, chaereso, cechareca, cecharemae, echaren","chaero, chaereso, cechareca, cecharemae, echaren"
χαλεπός –ή –όν,"difficult, troublesome",adjective: 1st and 2nd declension,Characteristics,379,chalepos e on,chalepus e on
"τέκνον τέκνου, τό",child,noun: 2nd declension,Family and Friendship and the Home,380,"tecnon tecnu, to","tecnum tecnu, to"
"καταλαμβάνω, καταλήψομαι, κατέλαβον, κατείληφα, κατείλημμαι, κατελήφθην","seize, catch up with, arrest, compel",verb: -ω labial stem,War and Peace,381,"catalambano, catalepsomae, catelabon, catilepha, catilemmae, catelephthen","catalambano, catalepsomae, catelabon, catilepha, catilemmae, catelephthen"
"μάχομαι, μαχοῦμαι, ἐμαχεσάμην, μεμάχημαι",fight (against) (+dat.),verb: deponent,War and Peace,382,"machomae, machumae, emachesamen, memachemae","machomae, machumae, emachesamen, memachemae"
"μιμνήσκω, -μνήσω, -έμνησα, pf. μέμνημαι, ἐμνήσθην",remind; (in pf. mid.) remember,verb: -ω palatal stem,"The Mind, Perceiving and Learning",383,"mimnesco, -mneso, -emnesa, pf. memnemae, emnesthen","mimnesco, -mneso, -emnesa, pf. memnemae, emnesthen"
"θνῄσκω, 2 aor. -έθανον, τέθνηκα, θανοῦμαι","to die, be dying",verb: -ω palatal stem,Life and Death,384,"thnesco, 2 aor. -ethanon, tethneca, thanumae","thnesco, 2 aor. -ethanon, tethneca, thanumae"
"λύω, λύσω, ἔλυσα, λέλυκα, λέλυμαι, ἐλύθην","loosen, unbind, set free; undo, destroy",verb: -ω vowel stem,War and Peace,384,"lyo, lyso, elysa, lelyca, lelymae, elythen","lyo, lyso, elysa, lelyca, lelymae, elythen"
"τιμάω, τιμήσω, ἐτίμησα, τετίμηκα, τετίμημαι, ἐτιμήθην",to honor,verb: contracted,Ethics and Morals,386,"timao, timeso, etimesa, tetimeca, tetimemae, etimethen","timao, timeso, etimesa, tetimeca, tetimemae, etimethen"
"τεῖχος τείχους, τό",wall,noun: 3rd declension σ-stem,Government and Society,387,"tichos tichus, to","tichus tichus, to"
ἴσως,"equally, probably, perhaps",adverb,Conjunctions/Adverbs,388,isos,isus
"αἴρω, ἀρῶ, ἦρα, ἦρκα, ἦρμαι, ἤρθην","take up, lift up; remove",verb: -ω palatal stem,Movement,389,"aero, aro, era, erca, ermae, erthen","aero, aro, era, erca, ermae, erthen"
"ἀποκτείνω, ἀποκτενῶ, ἀπέκτεινα, ἀπέκτονα",kill,verb: -ω liquid stem,War and Peace,390,"apoctino, apocteno, apectina, apectona","apoctino, apocteno, apectina, apectona"
"στρατιώτης –ου, ὁ",soldier,noun: 2nd declension,War and Peace,391,"stratiotes u, ho","stratiotes u, ho"
ἄνευ,without (+gen.),preposition,Prepositions without Direction,392,aneu,aneu
πότερος ποτέρα πότερον,which of the two? πότερον whether,adjective: 1st and 2nd declension,Pronouns/Interrogatives,393,poteros potera poteron,poterus potera poterum
ἁπλῶς,"simply, singly, in one way",adverb,Measurements and Numerals,394,haplos,haplus
"πίπτω, πεσοῦμαι, ἔπεσον, πέπτωκα","fall, fall down",verb: -ω dental stem,War and Peace,395,"pipto, pesumae, epeson, peptoca","pipto, pesumae, epeson, peptoca"
τέταρτος –η –ον,fourth,adjective: numeral,Measurements and Numerals,396,tetartos e on,tetartus e on
"κατασκευάζω, κατασκευάσω, κατεσκεύασα","equip, furnish, make ready",verb: -ω dental stem,Work and Leisure,397,"catasceuazo, catasceuaso, catesceuasa","catasceuazo, catasceuaso, catesceuasa"
ἐχθρός –ά –όν,"hated, hateful; hostile to (+dat.)",adjective: 1st and 2nd declension,Characteristics,398,echthros a on,echthrus a on
"ἀγών ἀγῶνος, ὁ",contest; struggle,noun: 3rd declension consonant stem,Government and Society,399,"agon agonos, ho","agum agonos, ho"
"κωλύω, κωλύσω, ἐκώλυσα, κεκώλυκα, κεκώλυμαι, ἐκωλύθην","hinder, check, prevent (+acc. and infin.)",verb: -ω vowel stem,War and Peace,400,"colyo, colyso, ecolysa, cecolyca, cecolymae, ecolythen","colyo, colyso, ecolysa, cecolyca, cecolymae, ecolythen"
"ἁμαρτάνω, ἁμαρτήσομαι, ἡμάρτησα, 2 aor. ἥμαρτον, ἡμάρτηκα, ἡμάρτημαι, ἡμαρτήθην","miss the mark (+gen.); fail, be wrong, make a mistake",verb: -ω dental stem,Ethics and Morals,401,"hamartano, hamartesomae, hemartesa, 2 aor. hemarton, hemarteca, hemartemae, hemartethen","hamartano, hamartesomae, hemartesa, 2 aor. hemarton, hemarteca, hemartemae, hemartethen"
"διαφθείρω, διαφθερῶ, διέφθειρα, διέφθαρκα, διέφθαρμαι, διεφθάρην",destroy; corrupt,verb: -ω liquid stem,War and Peace,402,"diaphthiro, diaphthero, diephthira, diephtharca, diephtharmae, diephtharen","diaphthiro, diaphthero, diephthira, diephtharca, diephtharmae, diephtharen"
πως,"(enclitic) somehow, in some way, in any way",adverb,Particles,403,pos,pus
"πόνος πόνου, ὁ","work, labor; stress, trouble, pain",noun: 2nd declension,Work and Leisure,404,"ponos ponu, ho","ponus ponu, ho"
ἔνθα,there,adverb,Direction,405,entha,entha
"τάξις τάξεως, ἡ","arrangement, order; military unit",noun: 3rd declension ι-stem,War and Peace,406,"taxis taxeos, he","taxis taxeos, he"
"πειράω (usually mid. πειράομαι), πειράσομαι, ἐπείρασα, πεπείραμαι, ἐπειράθην","attempt, try, make a trial of (+gen.)",verb: contracted,Work and Leisure,407,"pirao (usually mid. piraomae), pirasomae, epirasa, pepiramae, epirathen","pirao (usually mid. piraomae), pirasomae, epirasa, pepiramae, epirathen"
"φοβέω, φοβήσω, ἐφόβησα, πεφόβημαι, ἐφοβήθην","put to flight; (mid. and pass.) flee, fear",verb: contracted,The Senses and Feelings,408,"phobeo, phobeso, ephobesa, pephobemae, ephobethen","phobeo, phobeso, ephobesa, pephobemae, ephobethen"
"βάλλω, βαλῶ, 2 aor. ἔβαλον, βέβληκα, βέβλημαι, ἐβλήθην","throw, hurl; throw at, hit (acc.) with (dat.)",verb: -ω liquid stem,Movement,409,"ballo, balo, 2 aor. ebalon, bebleca, beblemae, eblethen","ballo, balo, 2 aor. ebalon, bebleca, beblemae, eblethen"
πονηρός –ά –όν,"worthless, bad, wicked",adjective: 1st and 2nd declension,Characteristics,410,poneros a on,ponerus a on
"ξένος ξένου, ὁ","guest-friend; foreigner, stranger",noun: 2nd declension,Government and Society,411,"xenos xenu, ho","xenus xenu, ho"
βάρβαρος –ον,"non-Greek, foreign; barbarous",adjective: 1st and 2nd declension,Government and Society,412,barbaros on,barbarus on
ὅπου,"where, wherever",conjunction: subordinating,Conjunctions/Adverbs,413,hopu,hopu
"συμφέρω, συνοίσω, 1 aor. συνήνεγκα","benefit, be useful or profitable to (+dat.); (impers.) συμφέρει it is of use, expedient (+infin.); τὸ συμφέρον use, profit, advantage",verb: irregular,Help and Safety,414,"symphero, synoeso, 1 aor. synenenca","symphero, synoeso, 1 aor. synenenca"
"πυνθάνομαι, πεύσομαι, 2 aor. ἐπυθόμην, πέπυσμαι","learn, hear, inquire concerning (+gen.)",verb: deponent,"The Mind, Perceiving and Learning",415,"pynthanomae, peusomae, 2 aor. epythomen, pepysmae","pynthanomae, peusomae, 2 aor. epythomen, pepysmae"
"δοῦλος δούλου, ὁ",slave,noun: 2nd declension,Government and Society,416,"dulos dulu, ho","dulus dulu, ho"
"τέμνω, τεμῶ, 2 aor. ἔτεμον, -τέτμηκα, τέτμημαι, ἐτμήθην","cut, cut down, cut to pieces",verb: -ω liquid stem,War and Peace,417,"temno, temo, 2 aor. etemon, -tetmeca, tetmemae, etmethen","temno, temo, 2 aor. etemon, -tetmeca, tetmemae, etmethen"
χρήσιμος χρησίμη χρήσιμον,"useful, serviceable",adjective: 1st and 2nd declension,Characteristics,418,chresimos chresime chresimon,chresimus chresime chresimum
ποῖος ποία ποῖον,what sort of?,adjective: 1st and 2nd declension,Pronouns/Interrogatives,419,poeos poea poeon,poeus poea poeum
"ὅπλον ὅπλου, τό","weapon, tool, implement (mostly pl.)",noun: 2nd declension,War and Peace,420,"hoplon hoplu, to","hoplum hoplu, to"
"πίστις πίστεως, ἡ","trust in others, faith; that which gives confidence, assurance, pledge, guarantee",noun: 3rd declension ι-stem,The Senses and Feelings,421,"pistis pisteos, he","pistis pisteos, he"
"ὑπολαμβάνω, ὑπολήψομαι, ὑπέλαβον, ὑπείληφα, ὑπείλημμαι, ὑπελήφθην","take up, seize; answer, reply; assume, suppose",verb: -ω labial stem,"The Mind, Perceiving and Learning",422,"hypolambano, hypolepsomae, hypelabon, hypilepha, hypilemmae, hypelephthen","hypolambano, hypolepsomae, hypelabon, hypilepha, hypilemmae, hypelephthen"
"ποιητής –οῦ, ὁ","creator, poet",noun: 2nd declension,Writing and Talking,423,"poeetes u, ho","poeetes u, ho"
"λανθάνω, λήσω, ἔλαθον, λέληθα","escape the notice of (+acc. and nom. participle), be unknown; (mid. and pass.) forget",verb: -ω liquid stem,Government and Society,424,"lanthano, leso, elathon, leletha","lanthano, leso, elathon, leletha"
βελτίων βέλτιον,better (comp. of ἀγαθός),"adjective: 3rd declension -ων, -ον",Ethics and Morals,425,beltion beltion,beltium beltium
πάντως,"altogether, in all ways; at any rate",adverb,Conjunctions/Adverbs,426,pantos,pantus
"πορεύω, πορεύσω, ἐπόρευσα, πεπόρευμαι, ἐπορεύθην","carry; (mid. and pass) go, walk, march",verb: -ω vowel stem,Work and Leisure,427,"poreuo, poreuso, eporeusa, peporeumae, eporeuthen","poreuo, poreuso, eporeusa, peporeumae, eporeuthen"
"ἀποκρίνω, ἀποκρινῶ, ἀπεκρινάμην, ἀπεκρίθη","separate, set apart, choοse; (mid.) answer, reply",verb: -ω liquid stem,Writing and Talking,428,"apocrino, apocrino, apecrinamen, apecrithe","apocrino, apocrino, apecrinamen, apecrithe"
πέντε,five,adjective: numeral,Measurements and Numerals,429,pente,pente
"κίνδυνος κινδύνου, ὁ",danger,noun: 2nd declension,War and Peace,430,"cindynos cindynu, ho","cindynus cindynu, ho"
"κατηγορέω, κατηγορήσω, κατηγόρησα, κατηγόρηκα, κατηγόρημαι, κατηγορήθην","to speak against, to accuse (+gen.)",verb: contracted,Law and Judgment,431,"categoreo, categoreso, categoresa, categoreca, categoremae, categorethen","categoreo, categoreso, categoresa, categoreca, categoremae, categorethen"
"τρέπω, τρέψω, ἔτρεψα, τέτροφα, ἐτράπην","turn, direct towards a thing; put to flight, defeat; (pass.) turn one’s steps in a certain direction, go",verb: -ω labial stem,Movement,432,"trepo, trepso, etrepsa, tetropha, etrapen","trepo, trepso, etrepsa, tetropha, etrapen"
ὅμως,"nevertheless, all the same, notwithstanding",adverb,Conjunctions/Adverbs,433,homos,homus
θεῖος θεία θεῖον,divine,adjective: 1st and 2nd declension,Religion,434,thios thia thion,thius thia thium
"ἱππεύς ἱππέως, ὁ","horseman, rider, charioteer","noun: 3rd declension -εύς, -έως",War and Peace,435,"hippeus hippeos, ho","hippeus hippeos, ho"
"κτάομαι, κτήσομαι, ἐκτησάμην, κέκτημαι","get, gain, acquire",verb: deponent,Taking and Giving,436,"ctaomae, ctesomae, ectesamen, cectemae","ctaomae, ctesomae, ectesamen, cectemae"
"λείπω, λείψω, ἔλιπον, λέλοιπα, λέλειμμαι, ἐλείφθην","leave, abandon",verb: -ω labial stem,Movement,437,"lipo, lipso, elipon, leloepa, lelimmae, eliphthen","lipo, lipso, elipon, leloepa, lelimmae, eliphthen"
"βουλή βουλῆς, ἡ","will, determination; counsel, piece of advice; council of elders",noun: 1st declension,Government and Society,438,"bule bules, he","bule bules, he"
"ἐλπίς ἐλπίδος, ἡ",hope; expectation,noun: 3rd declension consonant stem,The Senses and Feelings,439,"elpis elpidos, he","elpis elpidos, he"
"γραφή γραφῆς, ἡ","a drawing, painting, writing; indictment",noun: 1st declension,Writing and Talking,440,"graphe graphes, he","graphe graphes, he"
"τίκτω, τέξω or τέξομαι, ἔτεκον, τέτοκα, τέτεγμαι, ἐτέχθην","beget, give birth to, produce",verb: -ω palatal stem,Family and Friendship and the Home,441,"ticto, texo or texomae, etecon, tetoca, tetegmae, etechthen","ticto, texo or texomae, etecon, tetoca, tetegmae, etechthen"
"κομίζω, κομιῶ, ἐκόμισα, κεκόμικα, κεκόμισμαι, ἐκομίσθην","take care of, provide for",verb: -ω dental stem,Help and Safety,442,"comizo, comio, ecomisa, cecomica, cecomismae, ecomisthen","comizo, comio, ecomisa, cecomica, cecomismae, ecomisthen"
"θυμός θυμοῦ, ὁ","life, spirit; soul, heart, mind",noun: 2nd declension,Religion,443,"thymos thymu, ho","thymus thymu, ho"
"βλέπω, βλέψομαι, ἔβλεψα","see, look (at)",verb: -ω labial stem,The Senses and Feelings,444,"blepo, blepsomae, eblepsa","blepo, blepsomae, eblepsa"
"φόβος φόβου, ὁ","panic, fear, flight",noun: 2nd declension,The Senses and Feelings,445,"phobos phobu, ho","phobus phobu, ho"
"πολιτεία –ας, ἡ","constitution, citizenship, republic",noun: 1st declension,Government and Society,446,"politia as, he","politia as, he"
"στάδιον σταδίου, τό (pl. στάδια and στάδιοι)","stadion or stade, the longest Greek unit of linear measure, about 185 meters",noun: 2nd declension,Measurements and Numerals,447,"stadion stadiu, to (pl. stadia and stadioe)","stadium stadiu, to (pl. stadia and stadioe)"
"φρονέω, φρονήσω, ἐφρόνησα","think, intend to (+infin.); be minded towards (+adv. and dat.)",verb: contracted,"The Mind, Perceiving and Learning",448,"phroneo, phroneso, ephronesa","phroneo, phroneso, ephronesa"
τοιόσδε τοιάδε τοιόνδε,"such (as this), of such a sort (as this)",adjective: 1st and 2nd declension,Pronouns/Interrogatives,449,toeosde toeade toeonde,toeosde toeade toeonde
"ὁρμάω, ὁρμήσω, ὥρμησα, ὥρμηκα, ὥρμημαι, ὡρμήθην","set in motion, urge on; (intrans.) start, hasten on",verb: contracted,Movement,450,"hormao, hormeso, hormesa, hormeca, hormemae, hormethen","hormao, hormeso, hormesa, hormeca, hormemae, hormethen"
"παρασκευάζω, παρασκευάσω, παρεσκεύασα","get ready, prepare, provide",verb: -ω dental stem,Work and Leisure,451,"parasceuazo, parasceuaso, paresceuasa","parasceuazo, parasceuaso, paresceuasa"
"λαλέω, λαλήσω, ἐλάλησα, λελάληκα, ἐλαλήθην","talk, chatter, babble",verb: contracted,Writing and Talking,452,"laleo, laleso, elalesa, lelaleca, elalethen","laleo, laleso, elalesa, lelaleca, elalethen"
"δράω, δράσω, ἔδρασα, δέδρακα, δέδραμαι, ἐδράσθην","do, accomplish",verb: contracted,Work and Leisure,453,"drao, draso, edrasa, dedraca, dedramae, edrasthen","drao, draso, edrasa, dedraca, dedramae, edrasthen"
"σκοπέω, σκοπήσω, ἐσκόπησα","look at, watch; look into, consider, examine",verb: contracted,The Senses and Feelings,454,"scopeo, scopeso, escopesa","scopeo, scopeso, escopesa"
"βοῦς βοός, ὁ/ἡ","bull, ox, cow",noun: 3rd declension irregular,Animals and Plants,455,"bus boos, ho/e","bus boos, ho/e"
ἡμέτερος ἡμετέρα ἡμέτρον,our,adjective: 1st and 2nd declension,Pronouns/Interrogatives,456,hemeteros hemetera hemetron,hemeterus hemetera hemetrum
"γράμμα γράμματος, τό","letter, written character; (pl.) piece of writing, document(s)",noun: 3rd declension consonant stem,Writing and Talking,457,"gramma grammatos, to","gramma grammatos, to"
"ἐρωτάω, ἐρήσομαι, 2 aor. ἠρόμην","ask someone (acc.) something (acc.); question, beg",verb: contracted,Writing and Talking,458,"erotao, eresomae, 2 aor. eromen","erotao, eresomae, 2 aor. eromen"
"πολεμέω, πολεμήσω, ἐπολέμησα, πεπολέμηκα",make war,verb: contracted,War and Peace,459,"polemeo, polemeso, epolemesa, pepolemeca","polemeo, polemeso, epolemesa, pepolemeca"
"θύω, θύσω, ἔθυσα, τέθυκα, τέθυμαι, ἐτύθην",sacrifice,verb: -ω vowel stem,Religion,460,"thyo, thyso, ethysa, tethyca, tethymae, etythen","thyo, thyso, ethysa, tethyca, tethymae, etythen"
"ἐλαύνω, ἐλῶ, ἤλασα, -ελήλακα, ἐλήλαμαι, ἠλάθην","drive, set in motion",verb: -ω liquid stem,Movement,461,"elauno, elo, elasa, -elelaca, elelamae, elathen","elauno, elo, elasa, -elelaca, elelamae, elathen"
"δέδοικα, δείσομαι, ἔδεισα",fear,verb: -ω dental stem,The Senses and Feelings,462,"dedoeca, disomae, edisa","dedoeca, disomae, edisa"
σύμμαχος –ον,allied with (+dat.); οἱ σύμμαχοι allies,adjective: 1st and 2nd declension,War and Peace,463,symmachos on,symmachus on
"ἡγεμών ἡγεμόνος, ὁ","guide, leader, commander",noun: 3rd declension consonant stem,Government and Society,464,"hegemon hegemonos, ho","hegemum hegemonos, ho"
βαρύς βαρεῖα βαρύ,"heavy, grievous, tiresome","adjective: -ύς, -εῖα, -ύ",Characteristics,465,barys baria bary,barys baria bary
ὧδε,"thus, in this way; hither, here",adverb,Direction,466,hode,hode
αἰσχρός –ά –όν,"ugly, shameful, disgraceful",adjective: 1st and 2nd declension,Characteristics,467,aeschros a on,aeschrus a on
"εἰρήνη εἰρήνης, ἡ",peace,noun: 1st declension,War and Peace,468,"irene irenes, he","irene irenes, he"
"ἁλίσκομαι, ἁλώσομαι, 2 aor. ἑάλων, ἑάλωκα","to be taken, conquered (act. supplied by αἱρέω)",verb: deponent,War and Peace,469,"haliscomae, halosomae, 2 aor. healon, healoca","haliscomae, halosomae, 2 aor. healon, healoca"
δέκα,ten,adjective: numeral,Measurements and Numerals,470,deca,deca
ἀμείνων ἄμεινον,"better, abler, stronger, braver (comp. of ἀγαθός)","adjective: 3rd declension -ων, -ον",Ethics and Morals,471,aminon aminon,aminum aminum
χείρων χεῖρον,"worse, inferior (comp. of κακός)","adjective: 3rd declension -ων, -ον",Ethics and Morals,472,chiron chiron,chirum chirum
"βοηθέω, βοηθήσω, ἐβοήθησα, βεβοήθηκα","help, assist (+dat.)",verb: contracted,Help and Safety,473,"boetheo, boetheso, eboethesa, beboetheca","boetheo, boetheso, eboethesa, beboetheca"
λαμπρός –ά –όν,"bright, brilliant; well-known, illustrious",adjective: 1st and 2nd declension,Characteristics,474,lampros a on,lamprus a on
"ἀπαλλάσσω, ἀπαλλάξω, ἀπήλλαξα, ἀπήλλαχα, ἀπήλλαγμαι, ἀπηλλάχθην or ἀπηλλάγην","set free, release, deliver",verb: -ω palatal stem,Help and Safety,475,"apallasso, apallaxo, apellaxa, apellacha, apellagmae, apellachthen or apellagen","apallasso, apallaxo, apellaxa, apellacha, apellagmae, apellachthen or apellagen"
"βουλεύω βουλεύσω, ἐβούλευσα, βεβούλευκα, βεβούλευμαι, ἐβουλεύθην","plan (to), decide (to); (mid.) deliberate",verb: -ω vowel stem,War and Peace,476,"buleuo buleuso, ebuleusa, bebuleuca, bebuleumae, ebuleuthen","buleuo buleuso, ebuleusa, bebuleuca, bebuleumae, ebuleuthen"
μάλα,"very, very much",adverb,Conjunctions/Adverbs,477,mala,mala
"αἰτέω, αἰτήσω, ᾔτησα, ᾔτηκα, ᾔτημαι, ᾐτήθην","ask (for), beg",verb: contracted,Writing and Talking,478,"aeteo, aeteso, etesa, eteca, etemae, etethen","aeteo, aeteso, etesa, eteca, etemae, etethen"
"σωτηρία σωτηρίας, ἡ","safety, deliverance",noun: 1st declension,Help and Safety,479,"soteria soterias, he","soteria soterias, he"
ἆρα,[introduces a question],adverb,Particles,480,ara,ara
"διώκω, διώξομαι, ἐδίωξα, δεδίωχα, ἐδιώχθην",pursue,verb: -ω palatal stem,Movement,481,"dioco, dioxomae, edioxa, dediocha, ediochthen","dioco, dioxomae, edioxa, dediocha, ediochthen"
"δαίμων δαίμονος, ὁ/ἡ","spirit, god, demon",noun: 3rd declension consonant stem,Religion,482,"daemon daemonos, ho/e","daemum daemonos, ho/e"
οὐκοῦν,surely then (inviting assent to an inference),adverb,Particles,483,ucun,ucun
"γλῶσσα γλώσσης, ἡ",tongue; language,noun: 1st declension,Body Parts,484,"glossa glosses, he","glossa glosses, he"
ἑπτά,seven,adjective: numeral,Measurements and Numerals,485,hepta,hepta
"τολμάω, τολμήσω, ἐτόλμησα, τετόλμηκα, τετόλμημαι, ἐτολμήθην","have the courage, dare; undertake, undergo",verb: contracted,The Senses and Feelings,486,"tolmao, tolmeso, etolmesa, tetolmeca, tetolmemae, etolmethen","tolmao, tolmeso, etolmesa, tetolmeca, tetolmemae, etolmethen"
"δεσπότης –ου, ὁ",master (of the household); absolute ruler,noun: 1st declension,Government and Society,487,"despotes u, ho","despotes u, ho"
"εἰκός εἰκότος, τό","likelihood, probability; εἰκός (ἐστι) it is likely (+infin.) →ἔοικα",noun: 3rd declension consonant stem,"The Mind, Perceiving and Learning",488,"icos icotos, to","icus icotos, to"
ἄδικος ἄδικον,unjust,adjective: 1st and 2nd declension,Ethics and Morals,489,adicos adicon,adicus adicum
εἴκοσι(ν),twenty,adjective: numeral,Measurements and Numerals,490,icosi(n),icosi(n)
μυρίος μυρία μυρίον,"countless; μύριοι 10,000; μυριάς -άδος ἡ 10,000, a countless amount",adjective: 1st and 2nd declension,Measurements and Numerals,491,myrios myria myrion,myrius myria myrium
αὐτίκα,"at once, immediately",adverb,Time,492,autica,autica
δέκατος –η –ον,tenth,adjective: numeral,Measurements and Numerals,493,decatos e on,decatus e on
"βαίνω, βήσομαι, 2 aor. ἔβην, βέβηκα","walk, come, go",verb: -ω liquid stem,Movement,494,"baeno, besomae, 2 aor. eben, bebeca","baeno, besomae, 2 aor. eben, bebeca"
περ,[enclitic added to pronouns and other particles for emphasis],adverb,Particles,495,per,per
ἐλεύθερος ἐλευθέρα ἐλεύθερον,"free, independent",adjective: 1st and 2nd declension,Government and Society,496,eleutheros eleuthera eleutheron,eleutherus eleuthera eleutherum
"στρατιά –ᾶς, ἡ",army,noun: 1st declension,War and Peace,497,"stratia as, he","stratia as, he"
ἀμφί,"about, around",preposition,Direction,498,amphi,amphi
"συμφορά –ᾶς, ἡ","event, circumstance, misfortune",noun: 1st declension,Life and Death,499,"symphora as, he","symphora as, he"
ἑκατόν,hundred,adjective: numeral,Measurements and Numerals,500,hecaton,hecatum
"νίκη νίκης, ἡ",victory,noun: 1st declension,War and Peace,501,"nice nices, he","nice nices, he"
"ἔπος ἔπους, τό","word, speech, tale; prophecy",noun: 3rd declension σ-stem,Writing and Talking,502,"epos epus, to","epus epus, to"
"στρατός –οῦ, ὁ",army,noun: 2nd declension,War and Peace,503,"stratos u, ho","stratus u, ho"
"φράζω, φράσω, ἔφρασα, πέφρακα, πέφρασμαι, ἐφράσθην","tell, declare; (mid. and pass.) think (about)",verb: -ω dental stem,Writing and Talking,504,"phrazo, phraso, ephrasa, pephraca, pephrasmae, ephrasthen","phrazo, phraso, ephrasa, pephraca, pephrasmae, ephrasthen"
"ἀργύριον ἀργυρίου, τό",money,noun: 2nd declension,Government and Society,505,"argyrion argyriu, to","argyrium argyriu, to"
τριάκοντα,thirty,adjective: numeral,Measurements and Numerals,506,triaconta,triaconta
ἕξ,six,adjective: numeral,Measurements and Numerals,507,hex,hex
πεμπτός –ή –όν,fifth,adjective: numeral,Measurements and Numerals,508,pemptos e on,pemptus e on
"μάρτυς μάρτυρος, ὁ/ἡ",witness,noun: 3rd declension consonant stem,Law and Judgment,509,"martys martyros, ho/e","martys martyros, ho/e"
χαλκοῦς –ῆ –οῦν,of copper or bronze,adjective: 1st and 2nd declension,Earth,510,chalcus e un,chalcus e un
ἕβδομος –η –ον,seventh,adjective: numeral,Measurements and Numerals,511,hebdomos e on,hebdomus e on
ποῦ,where,pronoun,Pronouns/Interrogatives,512,pu,pu
ναί,"indeed, yes (used in strong affirmation)",adverb,Particles,513,nae,nae
"φῶς φωτός, τό","light, daylight",noun: 3rd declension consonant stem,World Order,514,"phos photos, to","phus photos, to"
ὀκτώ,eight,adjective: numeral,Measurements and Numerals,515,octo,octo
ἕκτος –η –ον,sixth,adjective: numeral,Measurements and Numerals,516,hectos e on,hectus e on
τριακοστός –ή –όν,thirtieth,adjective: numeral,Measurements and Numerals,517,triacostos e on,triacostus e on
ἐννέα,nine,adjective: numeral,Measurements and Numerals,518,ennea,ennea
πότε,when?,adverb,Time,519,pote,pote
ὄγδοος –η –ον,eighth,adjective: numeral,Measurements and Numerals,520,ogdoos e on,ogdous e on
ἔνατος –α –ον,ninth,adjective: numeral,Measurements and Numerals,521,enatos a on,enatus a on
εἰκοστός –ή –όν,twentieth,adjective: numeral,Measurements and Numerals,522,icostos e on,icostus e on
"ἀγγέλλω, ἀγγελῶ, ἤγγειλα, ἤγγελκα, ἤγγελμαι, ἠγγέλθην","report, tell",verb: -ω liquid stem,Writing and Talking,523,"angello, angelo, engila, engelca, engelmae, engelthen","angello, angelo, engila, engelca, engelmae, engelthen"
ἑκατοστός –ή –όν,hundredth,adjective: numeral,Measurements and Numerals,524,hecatostos e on,hecatostus e on
